refdes,page,block,part,value,psm,mount,side,heat,placement,x_mm,y_mm,rot,nets
C1,1,PV_A DC-DC (플라이백 A),CAP NP_0,220pF,CAPC2012,SMT,TOP,L,군집: p1 게이트·스너버 (하면),83.5,85.5,,ADC_V_PA1
C2,1,PV_A DC-DC (플라이백 A),CAP NP_0,100nF,CAPC3216,SMT,TOP,L,군집: p1 게이트·스너버 (하면),83.5,85.5,,I_PV_A- PV_A+
C3,1,PV_A DC-DC (플라이백 A),CAP NP_0,100nF,CAPC3216,SMT,TOP,L,군집: p1 게이트·스너버 (하면),83.5,85.5,,I_PV_A- PV_A+
C4,1,PV_A DC-DC (플라이백 A),CAP NP_0,4.7nF/300VAC,MPX154K31D2KN15800,THT,TOP,L,개별 배치,60,22,90,GND_EARTH PV_A+
C5,1,PV_A DC-DC (플라이백 A),CAP NP_0,4.7nF/100V,CAPC3216,SMT,TOP,L,군집: p1 게이트·스너버 (하면),83.5,85.5,,PV_A+
C6,1,PV_A DC-DC (플라이백 A),CAP NP_0,4.7nF/100V,CAPC3216,SMT,TOP,L,군집: p1 게이트·스너버 (하면),83.5,85.5,,PV_A+
C7,1,PV_A DC-DC (플라이백 A),CAP NP_0,150pF,CAPC3216,SMT,TOP,L,군집: p1 게이트·스너버 (하면),83.5,85.5,,PGND
C8,1,PV_A DC-DC (플라이백 A),CAP NP_0,10nF,CAPC3216,SMT,TOP,L,군집: p1 게이트·스너버 (하면),83.5,85.5,,PGND PHV
C9,1,PV_A DC-DC (플라이백 A),CAP NP_0,10nF,CAPC3216,SMT,TOP,L,군집: p1 게이트·스너버 (하면),83.5,85.5,,PGND PHV
C10,1,PV_A DC-DC (플라이백 A),CAP NP_0,22nF,CAPC3216,SMT,TOP,L,군집: p1 게이트·스너버 (하면),83.5,85.5,,I_PV_A+
C11,1,PV_A DC-DC (플라이백 A),CAP NP_0,1nF,CAPC2012,SMT,TOP,L,군집: p1 게이트·스너버 (하면),83.5,85.5,,I_PV_A+
C12,1,PV_A DC-DC (플라이백 A),CAP NP_0,1uF,CAPC2012,SMT,TOP,L,군집: p1 게이트·스너버 (하면),83.5,85.5,,I_PV_A+
C13,1,PV_A DC-DC (플라이백 A),CAP NP_0,220pF,CAPC2012,SMT,TOP,L,군집: p1 게이트·스너버 (하면),83.5,85.5,,ADC_V_PA2
C14,1,PV_A DC-DC (플라이백 A),CAP NP_0,100nF,CAPC3216,SMT,TOP,L,군집: p1 게이트·스너버 (하면),83.5,85.5,,I_PV_A+
C15,1,PV_A DC-DC (플라이백 A),CAP NP_0,4.7nF/100V,CAPC3216,SMT,TOP,L,군집: p1 게이트·스너버 (하면),83.5,85.5,,PV_A+
C16,1,PV_A DC-DC (플라이백 A),CAP NP_0,4.7nF/100V,CAPC3216,SMT,TOP,L,군집: p1 게이트·스너버 (하면),83.5,85.5,,PV_A+
C17,1,PV_A DC-DC (플라이백 A),CAP NP_0,150pF,CAPC3216,SMT,TOP,L,군집: p1 게이트·스너버 (하면),83.5,85.5,,PGND
C18,1,PV_A DC-DC (플라이백 A),CAP NP_0,10nF,CAPC3216,SMT,TOP,L,군집: p1 게이트·스너버 (하면),83.5,85.5,,PGND PHV
C19,1,PV_A DC-DC (플라이백 A),CAP NP_0,10nF,CAPC3216,SMT,TOP,L,군집: p1 게이트·스너버 (하면),83.5,85.5,,PGND PHV
C20,1,PV_A DC-DC (플라이백 A),CAP NP_0,22nF,CAPC3216,SMT,TOP,L,군집: p1 게이트·스너버 (하면),83.5,85.5,,I_PV_A+
C21,2,PV_B DC-DC (플라이백 B),CAP NP_0,220pF,CAPC2012,SMT,TOP,L,군집: p2 게이트·스너버 (하면),83.5,175.5,,ADC_V_PB1
C22,2,PV_B DC-DC (플라이백 B),CAP NP_0,100nF,CAPC3216,SMT,TOP,L,군집: p2 게이트·스너버 (하면),83.5,175.5,,I_PV_B- PV_B+
C23,2,PV_B DC-DC (플라이백 B),CAP NP_0,100nF,CAPC3216,SMT,TOP,L,군집: p2 게이트·스너버 (하면),83.5,175.5,,I_PV_B- PV_B+
C24,2,PV_B DC-DC (플라이백 B),CAP NP_0,MPX154K31D2KN15800,MPX154K31D2KN15800,THT,TOP,L,개별 배치,68,239,0,GND_EARTH PV_B+
C25,2,PV_B DC-DC (플라이백 B),CAP NP_0,4.7nF/100V,CAPC3216,SMT,TOP,L,군집: p2 게이트·스너버 (하면),83.5,175.5,,PV_B+
C26,2,PV_B DC-DC (플라이백 B),CAP NP_0,4.7nF/100V,CAPC3216,SMT,TOP,L,군집: p2 게이트·스너버 (하면),83.5,175.5,,PV_B+
C27,2,PV_B DC-DC (플라이백 B),CAP NP_0,150pF,CAPC3216,SMT,TOP,L,군집: p2 게이트·스너버 (하면),83.5,175.5,,PGND
C28,2,PV_B DC-DC (플라이백 B),CAP NP_0,10nF,CAPC3216,SMT,TOP,L,군집: p2 게이트·스너버 (하면),83.5,175.5,,PGND PHV
C29,2,PV_B DC-DC (플라이백 B),CAP NP_0,10nF,CAPC3216,SMT,TOP,L,군집: p2 게이트·스너버 (하면),83.5,175.5,,PGND PHV
C30,2,PV_B DC-DC (플라이백 B),CAP NP_0,22nF,CAPC3216,SMT,TOP,L,군집: p2 게이트·스너버 (하면),83.5,175.5,,I_PV_B+
C31,2,PV_B DC-DC (플라이백 B),CAP NP_0,1nF,CAPC2012,SMT,TOP,L,군집: p2 게이트·스너버 (하면),83.5,175.5,,I_PV_B+
C32,2,PV_B DC-DC (플라이백 B),CAP NP_0,1uF,CAPC2012,SMT,TOP,L,군집: p2 게이트·스너버 (하면),83.5,175.5,,I_PV_B+
C33,2,PV_B DC-DC (플라이백 B),CAP NP_0,220pF,CAPC2012,SMT,TOP,L,군집: p2 게이트·스너버 (하면),83.5,175.5,,ADC_V_PB2
C34,2,PV_B DC-DC (플라이백 B),CAP NP_0,100nF,CAPC3216,SMT,TOP,L,군집: p2 게이트·스너버 (하면),83.5,175.5,,I_PV_B+
C35,2,PV_B DC-DC (플라이백 B),CAP NP_0,4.7nF/100V,CAPC3216,SMT,TOP,L,군집: p2 게이트·스너버 (하면),83.5,175.5,,PV_A+
C36,2,PV_B DC-DC (플라이백 B),CAP NP_0,4.7nF/100V,CAPC3216,SMT,TOP,L,군집: p2 게이트·스너버 (하면),83.5,175.5,,PV_A+
C37,2,PV_B DC-DC (플라이백 B),CAP NP_0,150pF,CAPC3216,SMT,TOP,L,군집: p2 게이트·스너버 (하면),83.5,175.5,,PGND
C38,2,PV_B DC-DC (플라이백 B),CAP NP_0,10nF,CAPC3216,SMT,TOP,L,군집: p2 게이트·스너버 (하면),83.5,175.5,,PGND PHV
C39,2,PV_B DC-DC (플라이백 B),CAP NP_0,10nF,CAPC3216,SMT,TOP,L,군집: p2 게이트·스너버 (하면),83.5,175.5,,PGND PHV
C40,2,PV_B DC-DC (플라이백 B),CAP NP_0,22nF,CAPC3216,SMT,TOP,L,군집: p2 게이트·스너버 (하면),83.5,175.5,,I_PV_B+
C41,3,GRID (언폴더·AC 필터·릴레이·보호),CAP NP_0,100nF,CAPC1608,SMT,TOP,L,군집: p3 GRID 소형 SMD,173.0,161.0,,GND VDDA_U1
C42,3,GRID (언폴더·AC 필터·릴레이·보호),CAP NP_0,1nF,CAPC3216,SMT,TOP,L,군집: p3 GRID 소형 SMD,173.0,161.0,,AC_N PHV
C43,3,GRID (언폴더·AC 필터·릴레이·보호),CAP NP_0,1nF,CAPC3216,SMT,TOP,L,군집: p3 GRID 소형 SMD,173.0,161.0,,AC_L PHV
C44,3,GRID (언폴더·AC 필터·릴레이·보호),CAP NP_0,47nF,CAPC3216,SMT,TOP,L,군집: p3 GRID 소형 SMD,173.0,161.0,,AC_N
C45,3,GRID (언폴더·AC 필터·릴레이·보호),CAP NP_0,47nF,CAPC3216,SMT,TOP,L,군집: p3 GRID 소형 SMD,173.0,161.0,,AC_L
C46,3,GRID (언폴더·AC 필터·릴레이·보호),CAP NP_0,2.2nF/760VAC,MP2334K27D6X8LC,THT,TOP,L,개별 배치,188,88,0,AC_N
C47,3,GRID (언폴더·AC 필터·릴레이·보호),CAP NP_0,2.2nF/760VAC,MP2334K27D6X8LC,THT,TOP,L,개별 배치,204,88,0,AC_L
C48,3,GRID (언폴더·AC 필터·릴레이·보호),CAP NP_0,2.2nF/760VAC,MP2334K27D6X8LC,THT,TOP,L,개별 배치,156,224,0,V_GRID_L V_GRID_N
C49,3,GRID (언폴더·AC 필터·릴레이·보호),CAP NP_0,4.7nF/300VAC,B32021A3472K000,THT,TOP,L,개별 배치,226,154,0,GND_EARTH
C50,3,GRID (언폴더·AC 필터·릴레이·보호),CAP NP_0,MP2334K27D6X8LC,MP2334K27D6X8LC,THT,TOP,L,개별 배치,196,72,0,AC_L AC_N
C51,3,GRID (언폴더·AC 필터·릴레이·보호),CAP NP_0,MP2334K27D6X8LC,MP2334K27D6X8LC,THT,TOP,L,개별 배치,196,80,0,AC_L AC_N
C52,3,GRID (언폴더·AC 필터·릴레이·보호),CAP NP_0,NC,B32922C3334K289,THT,TOP,L,개별 배치,210,210,0,
C53,3,GRID (언폴더·AC 필터·릴레이·보호),CAP NP_0,150nF/305VAC,MPX154K31D2KN15800,THT,TOP,L,개별 배치,226,122,0,
C54,3,GRID (언폴더·AC 필터·릴레이·보호),CAP NP_0,1nF/400VAC,JW102M400VACP10,THT,TOP,L,개별 배치,226,130,0,
C55,3,GRID (언폴더·AC 필터·릴레이·보호),CAP NP_0,470pF,CAPC3216,SMT,TOP,L,군집: p3 GRID 소형 SMD,173.0,161.0,,AC_L
C56,3,GRID (언폴더·AC 필터·릴레이·보호),CAP NP_0,3.3uF/305VAC,MPX332K31C2KN15600,THT,TOP,L,개별 배치,226,90,0,AC_N_IN
C57,3,GRID (언폴더·AC 필터·릴레이·보호),CAP NP_0,4.7nF/300VAC,B32021A3472K000,THT,TOP,L,개별 배치,226,160,0,GND_EARTH
C58,3,GRID (언폴더·AC 필터·릴레이·보호),CAP NP_0,150nF/305VAC,MPX154K31D2KN15800,THT,TOP,L,개별 배치,226,138,0,I_GRID_LK
C59,3,GRID (언폴더·AC 필터·릴레이·보호),CAP NP_0,1nF,CAPC1608,SMT,TOP,L,군집: p3 GRID 소형 SMD,173.0,161.0,,GND
C60,3,GRID (언폴더·AC 필터·릴레이·보호),CAP NP_0,1nF,CAPC2012,SMT,TOP,L,군집: p3 GRID 소형 SMD,173.0,161.0,,
C61,3,GRID (언폴더·AC 필터·릴레이·보호),CAP NP_0,1nF,CAPC2012,SMT,TOP,L,군집: p3 GRID 소형 SMD,173.0,161.0,,I_GRID_N I_GRID_P
C62,3,GRID (언폴더·AC 필터·릴레이·보호),CAP NP_0,1nF,CAPC2012,SMT,TOP,L,군집: p3 GRID 소형 SMD,173.0,161.0,,
C63,3,GRID (언폴더·AC 필터·릴레이·보호),CAP NP_0,1nF/305VAC,MPX154K31D2KN15800,THT,TOP,L,개별 배치,226,146,0,GND_EARTH
C64,4,AUX 전원 (LM5156 플라이백),CAP NP_0,NC,CAPC3216,SMT,TOP,L,군집: p4 AUX 소형 SMD,86.0,157.0,,GND
C65,4,AUX 전원 (LM5156 플라이백),CAP NP_0,100nF,CAPC3216,SMT,TOP,L,군집: p4 AUX 소형 SMD,86.0,157.0,,GND
C66,4,AUX 전원 (LM5156 플라이백),CAP NP_0,1nF/100V,CAPC3216,SMT,TOP,L,군집: p4 AUX 소형 SMD,86.0,157.0,,
C67,4,AUX 전원 (LM5156 플라이백),CAP NP_0,10uF,CAPC3216,SMT,TOP,L,군집: p4 AUX 소형 SMD,86.0,157.0,,PGND VCC_12V0
C68,4,AUX 전원 (LM5156 플라이백),CAP NP_0,100nF,CAPC3216,SMT,TOP,L,군집: p4 AUX 소형 SMD,86.0,157.0,,PV_A+ PV_A-
C69,4,AUX 전원 (LM5156 플라이백),CAP NP_0,B32021A3472K000,CAPRR1000W60L1300T500H1100,THT,TOP,L,개별 배치,70,90,0,PV_A+
C70,4,AUX 전원 (LM5156 플라이백),CAP NP_0,B32021A3472K000,CAPRR1000W60L1300T500H1100,THT,TOP,L,개별 배치,70,97,0,PV_A-
C71,4,AUX 전원 (LM5156 플라이백),CAP NP_0,10uF,CAPC3216,SMT,TOP,L,군집: p4 AUX 소형 SMD,86.0,157.0,,GND VDDA_3V3
C72,4,AUX 전원 (LM5156 플라이백),CAP NP_0,10uF,CAPC3216,SMT,TOP,L,군집: p4 AUX 소형 SMD,86.0,157.0,,GND VDD_3V3
C73,4,AUX 전원 (LM5156 플라이백),CAP NP_0,10uF,CAPC3216,SMT,TOP,L,군집: p4 AUX 소형 SMD,86.0,157.0,,GND VDD_3V3
C74,4,AUX 전원 (LM5156 플라이백),CAP NP_0,10uF,CAPC2012,SMT,TOP,L,군집: p4 AUX 소형 SMD,86.0,157.0,,GND
C75,4,AUX 전원 (LM5156 플라이백),CAP NP_0,10uF,CAPC2012,SMT,TOP,L,군집: p4 AUX 소형 SMD,86.0,157.0,,GND VDD_3V3
C76,4,AUX 전원 (LM5156 플라이백),CAP NP_0,10uF,CAPC2012,SMT,TOP,L,군집: p4 AUX 소형 SMD,86.0,157.0,,GND VDD_3V3
C77,4,AUX 전원 (LM5156 플라이백),CAP NP_0,10uF,CAPC2012,SMT,TOP,L,군집: p4 AUX 소형 SMD,86.0,157.0,,GND
C78,4,AUX 전원 (LM5156 플라이백),CAP NP_0,10uF,CAPC2012,SMT,TOP,L,군집: p4 AUX 소형 SMD,86.0,157.0,,GND
C79,4,AUX 전원 (LM5156 플라이백),CAP NP_0,100nF,CAPC2012,SMT,TOP,L,군집: p4 AUX 소형 SMD,86.0,157.0,,GND VCC_5V0
C80,4,AUX 전원 (LM5156 플라이백),CAP NP_0,10uF,CAPC2012,SMT,TOP,L,군집: p4 AUX 소형 SMD,86.0,157.0,,GND
C81,4,AUX 전원 (LM5156 플라이백),CAP NP_0,NC,CAPC3216,SMT,TOP,L,군집: p4 AUX 소형 SMD,86.0,157.0,,GND VCC_10V0
C82,4,AUX 전원 (LM5156 플라이백),CAP NP_0,NC,CAPC3216,SMT,TOP,L,군집: p4 AUX 소형 SMD,86.0,157.0,,GND VCC_10V0
C83,4,AUX 전원 (LM5156 플라이백),CAP NP_0,10uF,CAPC3216,SMT,TOP,L,군집: p4 AUX 소형 SMD,86.0,157.0,,GND VCC_10V0
C84,4,AUX 전원 (LM5156 플라이백),CAP NP_0,10uF,CAPC2012,SMT,TOP,L,군집: p4 AUX 소형 SMD,86.0,157.0,,GND
C85,5,MCU (STM32G474),CAP NP_0,100nF,c1608,SMT,TOP,L,군집: p5 MCU 주변 소형 SMD,99.0,47.5,,GND VDD_3V3
C86,5,MCU (STM32G474),CAP NP_0,100nF,CAPC1608,SMT,TOP,L,군집: p5 MCU 주변 소형 SMD,99.0,47.5,,GND VDD_3V3
C87,5,MCU (STM32G474),CAP NP_0,100nF,CAPC1608,SMT,TOP,L,군집: p5 MCU 주변 소형 SMD,99.0,47.5,,GND VDD_3V3
C88,5,MCU (STM32G474),CAP NP_0,100nF,CAPC1608,SMT,TOP,L,군집: p5 MCU 주변 소형 SMD,99.0,47.5,,GND VDD_3V3
C89,5,MCU (STM32G474),CAP NP_0,100nF,CAPC1608,SMT,TOP,L,군집: p5 MCU 주변 소형 SMD,99.0,47.5,,GND VDD_3V3
C90,5,MCU (STM32G474),CAP NP_0,100nF,CAPC1608,SMT,TOP,L,군집: p5 MCU 주변 소형 SMD,99.0,47.5,,GND VDD_3V3
C91,5,MCU (STM32G474),CAP NP_0,100nF,CAPC1608,SMT,TOP,L,군집: p5 MCU 주변 소형 SMD,99.0,47.5,,GND VDD_3V3
C92,5,MCU (STM32G474),CAP NP_0,100nF,CAPC1608,SMT,TOP,L,군집: p5 MCU 주변 소형 SMD,99.0,47.5,,GND VDD_3V3
C93,5,MCU (STM32G474),CAP NP_0,100nF,CAPC1608,SMT,TOP,L,군집: p5 MCU 주변 소형 SMD,99.0,47.5,,GND VDD_3V3
C94,5,MCU (STM32G474),CAP NP_0,1uF,CAPC2012,SMT,TOP,L,군집: p5 MCU 주변 소형 SMD,99.0,47.5,,GND VDD_3V3
C95,5,MCU (STM32G474),CAP NP_0,100nF,CAPC1608,SMT,TOP,L,군집: p5 MCU 주변 소형 SMD,99.0,47.5,,GND VDD_3V3
C96,5,MCU (STM32G474),CAP NP_0,100nF,CAPC1608,SMT,TOP,L,군집: p5 MCU 주변 소형 SMD,99.0,47.5,,GND VDD_3V3
C97,5,MCU (STM32G474),CAP NP_0,100nF,CAPC1608,SMT,TOP,L,군집: p5 MCU 주변 소형 SMD,99.0,47.5,,GND VDD_3V3
C98,5,MCU (STM32G474),CAP NP_0,100nF,CAPC1608,SMT,TOP,L,군집: p5 MCU 주변 소형 SMD,99.0,47.5,,GND VDD_3V3
C99,5,MCU (STM32G474),CAP NP_0,2.2uF,CAPC2012,SMT,TOP,L,군집: p5 MCU 주변 소형 SMD,99.0,47.5,,GND VDD_3V3
C100,5,MCU (STM32G474),CAP NP_0,100nF,RESC1608,SMT,TOP,L,군집: p5 MCU 주변 소형 SMD,99.0,47.5,,GND VDD_3V3
C101,5,MCU (STM32G474),CAP NP_0,100nF,CAPC1608,SMT,TOP,L,군집: p5 MCU 주변 소형 SMD,99.0,47.5,,GND VDD_3V3
C102,5,MCU (STM32G474),CAP NP_0,8pF,CAPC1608,SMT,TOP,L,군집: p5 MCU 주변 소형 SMD,99.0,47.5,,GND
C103,5,MCU (STM32G474),CAP NP_0,8pF,CAPC1608,SMT,TOP,L,군집: p5 MCU 주변 소형 SMD,99.0,47.5,,GND
C104,5,MCU (STM32G474),CAP NP_0,100nF,CAPC1608,SMT,TOP,L,군집: p5 MCU 주변 소형 SMD,99.0,47.5,,GND VDD_3V3
C105,5,MCU (STM32G474),CAP NP_0,NC,CAPC1608,SMT,TOP,L,군집: p5 MCU 주변 소형 SMD,99.0,47.5,,/RESET_C GND
C106,5,MCU (STM32G474),CAP NP_0,100nF,CAPC1608,SMT,TOP,L,군집: p5 MCU 주변 소형 SMD,99.0,47.5,,GND VDD_3V3
C107,5,MCU (STM32G474),CAP NP_0,100nF,CAPC1608,SMT,TOP,L,군집: p5 MCU 주변 소형 SMD,99.0,47.5,,GND VDDA_3V3
C108,5,MCU (STM32G474),CAP NP_0,4.7uF,CAPC2012,SMT,TOP,L,군집: p5 MCU 주변 소형 SMD,99.0,47.5,,GND VDDA_3V3
C109,5,MCU (STM32G474),CAP NP_0,100nF,CAPC1608,SMT,TOP,L,군집: p5 MCU 주변 소형 SMD,99.0,47.5,,GND VDD_3V3
C110,5,MCU (STM32G474),CAP NP_0,100nF,CAPC1608,SMT,TOP,L,군집: p5 MCU 주변 소형 SMD,99.0,47.5,,GND VDD_3V3
C111,6,ESP32·TPM·USB·CAN,CAP NP_0,100nF,CAPC1608,SMT,TOP,L,군집: p6 ESP32/TPM/CAN 소형 SMD,76.0,38.5,,GND VCC_3V3
C112,6,ESP32·TPM·USB·CAN,CAP NP_0,1uF,CAPC1608,SMT,TOP,L,군집: p6 ESP32/TPM/CAN 소형 SMD,76.0,38.5,,EX_SW_C GND
C113,6,ESP32·TPM·USB·CAN,CAP NP_0,100nF,CAPC1608,SMT,TOP,L,군집: p6 ESP32/TPM/CAN 소형 SMD,76.0,38.5,,EX_SW_C GND
C114,6,ESP32·TPM·USB·CAN,CAP NP_1,100nF,CAPC1608,SMT,TOP,L,군집: p6 ESP32/TPM/CAN 소형 SMD,76.0,38.5,,GND VDD_3V3
C115,6,ESP32·TPM·USB·CAN,CAP NP_1,100nF,CAPC1608,SMT,TOP,L,군집: p6 ESP32/TPM/CAN 소형 SMD,76.0,38.5,,GND VDD_3V3
C116,6,ESP32·TPM·USB·CAN,CAP NP_1,1uF,CAPC2012,SMT,TOP,L,군집: p6 ESP32/TPM/CAN 소형 SMD,76.0,38.5,,GND VDD_3V3
C117,6,ESP32·TPM·USB·CAN,CAP NP_1,GR443DR73D472KW01L,CAPC1812,SMT,TOP,L,군집: p6 ESP32/TPM/CAN 소형 SMD,76.0,38.5,,GND
C118,6,ESP32·TPM·USB·CAN,CAP NP_1,100nF,CAPC1608,SMT,TOP,L,군집: p6 ESP32/TPM/CAN 소형 SMD,76.0,38.5,,GND VCC_5V0
C119,6,ESP32·TPM·USB·CAN,CAP NP_1,100nF,c1608,SMT,TOP,L,군집: p6 ESP32/TPM/CAN 소형 SMD,76.0,38.5,,GND VCC_5V0
C120,6,ESP32·TPM·USB·CAN,CAP NP_1,100pF,CAPC1608,SMT,TOP,L,군집: p6 ESP32/TPM/CAN 소형 SMD,76.0,38.5,,CAN_H_C CAN_L_C
C121,6,ESP32·TPM·USB·CAN,CAP NP_1,16pF,CAPC1608,SMT,TOP,L,군집: p6 ESP32/TPM/CAN 소형 SMD,76.0,38.5,,GND
C122,6,ESP32·TPM·USB·CAN,CAP NP_1,1nF,CAPC2012,SMT,TOP,L,군집: p6 ESP32/TPM/CAN 소형 SMD,76.0,38.5,,GND
C123,7,센싱 (INA240·AMC3301/3302·OPA),CAP NP_0,1nF,CAPC1608,SMT,TOP,L,군집: p7 센싱 소형 SMD,99.0,67.75,,GND
C124,7,센싱 (INA240·AMC3301/3302·OPA),CAP NP_0,100nF,CAPC1608,SMT,TOP,L,군집: p7 센싱 소형 SMD,99.0,67.75,,GND VDDA_U2
C125,7,센싱 (INA240·AMC3301/3302·OPA),CAP NP_0,1nF,CAPC1608,SMT,TOP,L,군집: p7 센싱 소형 SMD,99.0,67.75,,GND
C126,7,센싱 (INA240·AMC3301/3302·OPA),CAP NP_0,1nF,CAPC1608,SMT,TOP,L,군집: p7 센싱 소형 SMD,99.0,67.75,,ADC_I_PB GND
C127,7,센싱 (INA240·AMC3301/3302·OPA),CAP NP_0,10nF,CAPC1608,SMT,TOP,L,군집: p7 센싱 소형 SMD,99.0,67.75,,ADC_I_PA GND
C128,7,센싱 (INA240·AMC3301/3302·OPA),CAP NP_0,1nF,CAPC1608,SMT,TOP,L,군집: p7 센싱 소형 SMD,99.0,67.75,,
C129,7,센싱 (INA240·AMC3301/3302·OPA),CAP NP_0,1nF,CAPC1608,SMT,TOP,L,군집: p7 센싱 소형 SMD,99.0,67.75,,GND
C130,7,센싱 (INA240·AMC3301/3302·OPA),CAP NP_0,100nF,CAPC1608,SMT,TOP,L,군집: p7 센싱 소형 SMD,99.0,67.75,,GND VDDA_U3
C131,7,센싱 (INA240·AMC3301/3302·OPA),CAP NP_0,100nF,CAPC1608,SMT,TOP,L,군집: p7 센싱 소형 SMD,99.0,67.75,,GND
C132,7,센싱 (INA240·AMC3301/3302·OPA),CAP NP_0,100nF,CAPC1608,SMT,TOP,L,군집: p7 센싱 소형 SMD,99.0,67.75,,GND
C133,7,센싱 (INA240·AMC3301/3302·OPA),CAP NP_0,1uF,CAPC1608,SMT,TOP,L,군집: p7 센싱 소형 SMD,99.0,67.75,,GND
C134,7,센싱 (INA240·AMC3301/3302·OPA),CAP NP_0,100nF,CAPC1608,SMT,TOP,L,군집: p7 센싱 소형 SMD,99.0,67.75,,ADC_V_PA GND
C135,7,센싱 (INA240·AMC3301/3302·OPA),CAP NP_0,10nF,CAPC1608,SMT,TOP,L,군집: p7 센싱 소형 SMD,99.0,67.75,,ADC_I_PA GND
C136,7,센싱 (INA240·AMC3301/3302·OPA),CAP NP_0,1nF,CAPC1608,SMT,TOP,L,군집: p7 센싱 소형 SMD,99.0,67.75,,GND
C137,7,센싱 (INA240·AMC3301/3302·OPA),CAP NP_0,100nF,CAPC1608,SMT,TOP,L,군집: p7 센싱 소형 SMD,99.0,67.75,,GND
C138,7,센싱 (INA240·AMC3301/3302·OPA),CAP NP_0,100nF,CAPC1608,SMT,TOP,L,군집: p7 센싱 소형 SMD,99.0,67.75,,ADC_V_PB GND
C139,7,센싱 (INA240·AMC3301/3302·OPA),CAP NP_0,100nF,CAPC1608,SMT,TOP,L,군집: p7 센싱 소형 SMD,99.0,67.75,,GND
C140,7,센싱 (INA240·AMC3301/3302·OPA),CAP NP_0,1uF,CAPC1608,SMT,TOP,L,군집: p7 센싱 소형 SMD,99.0,67.75,,GND
C141,7,센싱 (INA240·AMC3301/3302·OPA),CAP NP_0,10nF,CAPC1608,SMT,TOP,L,군집: p7 센싱 소형 SMD,99.0,67.75,,ADC_I_PB GND
C142,7,센싱 (INA240·AMC3301/3302·OPA),CAP NP_0,1uF,CAPC1608,SMT,TOP,L,군집: p7 센싱 소형 SMD,99.0,67.75,,V_GRID_L
C143,7,센싱 (INA240·AMC3301/3302·OPA),CAP NP_0,1uF,CAPC1608,SMT,TOP,L,군집: p7 센싱 소형 SMD,99.0,67.75,,I_GRID_N
C144,7,센싱 (INA240·AMC3301/3302·OPA),CAP NP_0,1nF,CAPC1608,SMT,TOP,L,군집: p7 센싱 소형 SMD,99.0,67.75,,V_GRID_L
C145,7,센싱 (INA240·AMC3301/3302·OPA),CAP NP_0,100nF,CAPC1608,SMT,TOP,L,군집: p7 센싱 소형 SMD,99.0,67.75,,GND
C146,7,센싱 (INA240·AMC3301/3302·OPA),CAP NP_0,1nF,CAPC1608,SMT,TOP,L,군집: p7 센싱 소형 SMD,99.0,67.75,,I_GRID_N
C147,7,센싱 (INA240·AMC3301/3302·OPA),CAP NP_0,100nF,CAPC1608,SMT,TOP,L,군집: p7 센싱 소형 SMD,99.0,67.75,,GND
C148,7,센싱 (INA240·AMC3301/3302·OPA),CAP NP_0,100nF,CAPC1608,SMT,TOP,L,군집: p7 센싱 소형 SMD,99.0,67.75,,V_GRID_L
C149,7,센싱 (INA240·AMC3301/3302·OPA),CAP NP_0,1nF,CAPC1608,SMT,TOP,L,군집: p7 센싱 소형 SMD,99.0,67.75,,GND VDDA_3V3
C150,7,센싱 (INA240·AMC3301/3302·OPA),CAP NP_0,100nF,CAPC1608,SMT,TOP,L,군집: p7 센싱 소형 SMD,99.0,67.75,,V_GRID_L
C151,7,센싱 (INA240·AMC3301/3302·OPA),CAP NP_0,100nF,CAPC1608,SMT,TOP,L,군집: p7 센싱 소형 SMD,99.0,67.75,,I_GRID_N
C152,7,센싱 (INA240·AMC3301/3302·OPA),CAP NP_0,1nF,CAPC1608,SMT,TOP,L,군집: p7 센싱 소형 SMD,99.0,67.75,,GND VDDA_3V3
C153,7,센싱 (INA240·AMC3301/3302·OPA),CAP NP_0,1nF,CAPC1608,SMT,TOP,L,군집: p7 센싱 소형 SMD,99.0,67.75,,V_GRID_L
C154,7,센싱 (INA240·AMC3301/3302·OPA),CAP NP_0,100nF,CAPC1608,SMT,TOP,L,군집: p7 센싱 소형 SMD,99.0,67.75,,I_GRID_N
C155,7,센싱 (INA240·AMC3301/3302·OPA),CAP NP_0,1nF,CAPC1608,SMT,TOP,L,군집: p7 센싱 소형 SMD,99.0,67.75,,I_GRID_N
C156,7,센싱 (INA240·AMC3301/3302·OPA),CAP NP_0,4.7nF,CAPC1608,SMT,TOP,L,군집: p7 센싱 소형 SMD,99.0,67.75,,ADC_V_GRID_L ADC_V_GRID_N
C157,7,센싱 (INA240·AMC3301/3302·OPA),CAP NP_0,4.7nF,CAPC1608,SMT,TOP,L,군집: p7 센싱 소형 SMD,99.0,67.75,,ADC_I_GRID_N ADC_I_GRID_P
C158,7,센싱 (INA240·AMC3301/3302·OPA),CAP NP_0,1nF,CAPC1608,SMT,TOP,L,군집: p7 센싱 소형 SMD,99.0,67.75,,GND
C159,7,센싱 (INA240·AMC3301/3302·OPA),CAP NP_0,1uF,CAPC1608,SMT,TOP,L,군집: p7 센싱 소형 SMD,99.0,67.75,,GND
C160,7,센싱 (INA240·AMC3301/3302·OPA),CAP NP_0,1nF,CAPC1608,SMT,TOP,L,군집: p7 센싱 소형 SMD,99.0,67.75,,GND
C161,7,센싱 (INA240·AMC3301/3302·OPA),CAP NP_0,1uF,CAPC1608,SMT,TOP,L,군집: p7 센싱 소형 SMD,99.0,67.75,,GND
C162,8,언폴더 게이트 로직 (2차측),CAP NP_0,MP2334K27D6X8LC,CAPRR1500W80L1800T1000H1580,THT,TOP,L,개별 배치,90,239,0,I_GRID_LK PV_B+
C163,8,언폴더 게이트 로직 (2차측),CAP NP_0,100nF,CAPC1608,SMT,TOP,L,군집: p8 로직 소형 SMD,175.0,42.0,,GND VDDA_U4
C164,8,언폴더 게이트 로직 (2차측),CAP NP_0,MP2334K27D6X8LC,CAPRR1500W80L1800T1000H1580,THT,TOP,L,개별 배치,112,239,0,I_GRID_LK PV_B+
C165,8,언폴더 게이트 로직 (2차측),CAP NP_0,2.2uF,CAPC2012,SMT,TOP,L,군집: p8 로직 소형 SMD,175.0,42.0,,GND
C166,8,언폴더 게이트 로직 (2차측),CAP NP_0,10nF,CAPC2012,SMT,TOP,L,군집: p8 로직 소형 SMD,175.0,42.0,,ADC_I_GRID_LK GND
C167,8,언폴더 게이트 로직 (2차측),CAP NP_0,1nF,CAPC1608,SMT,TOP,L,군집: p8 로직 소형 SMD,175.0,42.0,,ADC1 GND
C168,8,언폴더 게이트 로직 (2차측),CAP NP_0,100nF,CAPC1608,SMT,TOP,L,군집: p8 로직 소형 SMD,175.0,42.0,,PGND VCC_12V0
C169,8,언폴더 게이트 로직 (2차측),CAP NP_0,1nF,CAPC1608,SMT,TOP,L,군집: p8 로직 소형 SMD,175.0,42.0,,PGND
C170,8,언폴더 게이트 로직 (2차측),CAP NP_0,100nF,CAPC1608,SMT,TOP,L,군집: p8 로직 소형 SMD,175.0,42.0,,PGND VCC_12V0
C171,8,언폴더 게이트 로직 (2차측),CAP NP_0,1nF,CAPC1608,SMT,TOP,L,군집: p8 로직 소형 SMD,175.0,42.0,,
C172,8,언폴더 게이트 로직 (2차측),CAP NP_0,100pF,CAPC1608,SMT,TOP,L,군집: p8 로직 소형 SMD,175.0,42.0,,PGND
C173,8,언폴더 게이트 로직 (2차측),CAP NP_0,100pF,CAPC1608,SMT,TOP,L,군집: p8 로직 소형 SMD,175.0,42.0,,PGND
C174,8,언폴더 게이트 로직 (2차측),CAP NP_0,1nF,CAPC1608,SMT,TOP,L,군집: p8 로직 소형 SMD,175.0,42.0,,PGND
C175,8,언폴더 게이트 로직 (2차측),CAP NP_0,100pF,CAPC1608,SMT,TOP,L,군집: p8 로직 소형 SMD,175.0,42.0,,PGND
C176,8,언폴더 게이트 로직 (2차측),CAP NP_0,100pF,CAPC1608,SMT,TOP,L,군집: p8 로직 소형 SMD,175.0,42.0,,PGND
C177,9,아날로그 컨디셔닝,CAP NP_0,100nF,CAPC1608,SMT,TOP,L,군집: p9 아날로그 소형 SMD,99.0,54.25,,GND
C178,9,아날로그 컨디셔닝,CAP NP_0,100nF,CAPC1608,SMT,TOP,L,군집: p9 아날로그 소형 SMD,99.0,54.25,,GND
C179,9,아날로그 컨디셔닝,CAP NP_0,100pF,CAPC1608,SMT,TOP,L,군집: p9 아날로그 소형 SMD,99.0,54.25,,
C180,9,아날로그 컨디셔닝,CAP NP_0,10nF,CAPC1608,SMT,TOP,L,군집: p9 아날로그 소형 SMD,99.0,54.25,,ADC3 GND
C181,9,아날로그 컨디셔닝,CAP NP_0,100nF,CAPC1608,SMT,TOP,L,군집: p9 아날로그 소형 SMD,99.0,54.25,,GND VDDA_U10
C182,9,아날로그 컨디셔닝,CAP NP_0,100nF,CAPC1608,SMT,TOP,L,군집: p9 아날로그 소형 SMD,99.0,54.25,,GND
C183,9,아날로그 컨디셔닝,CAP NP_0,100nF,CAPC1608,SMT,TOP,L,군집: p9 아날로그 소형 SMD,99.0,54.25,,GND VDDA_3V3
C184,9,아날로그 컨디셔닝,CAP NP_0,10nF,CAPC1608,SMT,TOP,L,군집: p9 아날로그 소형 SMD,99.0,54.25,,ADC4 GND
C185,9,아날로그 컨디셔닝,CAP NP_0,100nF,CAPC1608,SMT,TOP,L,군집: p9 아날로그 소형 SMD,99.0,54.25,,
C186,9,아날로그 컨디셔닝,CAP NP_0,100nF,CAPC1608,SMT,TOP,L,군집: p9 아날로그 소형 SMD,99.0,54.25,,GND IO3
C187,9,아날로그 컨디셔닝,CAP NP_0,10nF,CAPC1608,SMT,TOP,L,군집: p9 아날로그 소형 SMD,99.0,54.25,,ADC5 GND
C188,9,아날로그 컨디셔닝,CAP NP_0,1nF,CAPC1608,SMT,TOP,L,군집: p9 아날로그 소형 SMD,99.0,54.25,,GND
C189,9,아날로그 컨디셔닝,CAP NP_0,100pF,CAPC1608,SMT,TOP,L,군집: p9 아날로그 소형 SMD,99.0,54.25,,
C190,10,ADC 입력 보호,CAP NP_0,100nF,CAPC2012,SMT,TOP,L,군집: p10 ADC 보호 (ZD1-4 포함),129.0,36.0,,GND
C191,10,ADC 입력 보호,CAP NP_0,100nF,CAPC2012,SMT,TOP,L,군집: p10 ADC 보호 (ZD1-4 포함),129.0,36.0,,AIN1 GND
C192,10,ADC 입력 보호,CAP NP_0,100nF,CAPC2012,SMT,TOP,L,군집: p10 ADC 보호 (ZD1-4 포함),129.0,36.0,,GND
C193,10,ADC 입력 보호,CAP NP_0,100nF,CAPC2012,SMT,TOP,L,군집: p10 ADC 보호 (ZD1-4 포함),129.0,36.0,,AIN2 GND
C194,10,ADC 입력 보호,CAP NP_0,100nF,CAPC2012,SMT,TOP,L,군집: p10 ADC 보호 (ZD1-4 포함),129.0,36.0,,GND
C195,10,ADC 입력 보호,CAP NP_0,100nF,CAPC2012,SMT,TOP,L,군집: p10 ADC 보호 (ZD1-4 포함),129.0,36.0,,AIN3 GND
C196,10,ADC 입력 보호,CAP NP_0,100nF,CAPC2012,SMT,TOP,L,군집: p10 ADC 보호 (ZD1-4 포함),129.0,36.0,,GND
C197,10,ADC 입력 보호,CAP NP_0,100nF,CAPC2012,SMT,TOP,L,군집: p10 ADC 보호 (ZD1-4 포함),129.0,36.0,,AIN4 GND
C198,8,언폴더 게이트 로직 (2차측),CAP NP_0,100nF,CAPC1608,SMT,TOP,L,군집: p8 로직 소형 SMD,175.0,42.0,,GND VDD_U5
C199,5,MCU (STM32G474),CAP NP_0,1uF,CAPC1608,SMT,TOP,L,군집: p5 MCU 주변 소형 SMD,99.0,47.5,,GND VDD_3V3
C200,5,MCU (STM32G474),CAP NP_0,100nF,CAPC1608,SMT,TOP,L,군집: p5 MCU 주변 소형 SMD,99.0,47.5,,GND
C201,5,MCU (STM32G474),CAP NP_0,4.7uF,CAPC1608,SMT,TOP,L,군집: p5 MCU 주변 소형 SMD,99.0,47.5,,GND VREF_3V0
C202,5,MCU (STM32G474),CAP NP_0,10uF,CAPC1608,SMT,TOP,L,군집: p5 MCU 주변 소형 SMD,99.0,47.5,,GND VDD_3V3
C203,7,센싱 (INA240·AMC3301/3302·OPA),CAP NP_0,470pF,CAPC1608,SMT,TOP,L,군집: p7 센싱 소형 SMD,99.0,67.75,,ADC_V_GRID_L ADC_V_GRID_N
C204,7,센싱 (INA240·AMC3301/3302·OPA),CAP NP_0,470pF,CAPC1608,SMT,TOP,L,군집: p7 센싱 소형 SMD,99.0,67.75,,ADC_V_GRID_L ADC_V_GRID_N
C205,7,센싱 (INA240·AMC3301/3302·OPA),CAP NP_0,470pF,CAPC1608,SMT,TOP,L,군집: p7 센싱 소형 SMD,99.0,67.75,,ADC_I_GRID_N ADC_I_GRID_P
C206,7,센싱 (INA240·AMC3301/3302·OPA),CAP NP_0,470pF,CAPC1608,SMT,TOP,L,군집: p7 센싱 소형 SMD,99.0,67.75,,ADC_I_GRID_N ADC_I_GRID_P
D1,1,PV_A DC-DC (플라이백 A),DIODE SCHOTTKY,BAS100CS-AU_R1,DIOM2512X090N,SMT,TOP,L,군집: p1 게이트·스너버 (하면),83.5,85.5,,
D2,1,PV_A DC-DC (플라이백 A),DIODE SCHOTTKY,SMCJ64A,DIOM8171X262N,SMT,TOP,M,개별 배치,76,80,0,PV_A+ V_PA
D3,1,PV_A DC-DC (플라이백 A),DIODE_36,SCS205KNHR,SOT254P1510X450-3N,SMT,BOTTOM,H,개별 배치,160,86,0,PHV
D4,1,PV_A DC-DC (플라이백 A),DIODE,DR2G-L,DIOM5639X245M,SMT,BOTTOM,M,개별 배치,114,92,0,
D5,1,PV_A DC-DC (플라이백 A),DIODE,"PMEG3020ER,115",DIOM3517X100N,SMT,TOP,L,군집: p1 게이트·스너버 (하면),83.5,85.5,,
D6,1,PV_A DC-DC (플라이백 A),DIODE,"PMEG3020ER,115",DIOM3517X100N,SMT,TOP,L,군집: p1 게이트·스너버 (하면),83.5,85.5,,
D7,1,PV_A DC-DC (플라이백 A),DIODE SCHOTTKY,BAS100CS-AU_R1,DIOM2512X090N,SMT,TOP,L,군집: p1 게이트·스너버 (하면),83.5,85.5,,
D8,1,PV_A DC-DC (플라이백 A),DIODE_36,SCS205KNHR,SOT254P1510X450-3N,SMT,BOTTOM,H,개별 배치,160,120,0,PHV
D9,1,PV_A DC-DC (플라이백 A),DIODE,DR2G-L,DIOM5639X245M,SMT,BOTTOM,M,개별 배치,114,106,0,
D10,1,PV_A DC-DC (플라이백 A),DIODE,"PMEG3020ER,115",DIOM3517X100N,SMT,TOP,L,군집: p1 게이트·스너버 (하면),83.5,85.5,,
D11,1,PV_A DC-DC (플라이백 A),DIODE,"PMEG3020ER,115",DIOM3517X100N,SMT,TOP,L,군집: p1 게이트·스너버 (하면),83.5,85.5,,
D12,2,PV_B DC-DC (플라이백 B),DIODE SCHOTTKY,BAS100CS-AU_R1,DIOM2512X090N,SMT,TOP,L,군집: p2 게이트·스너버 (하면),83.5,175.5,,
D13,2,PV_B DC-DC (플라이백 B),DIODE SCHOTTKY,SMCJ64A,DIOM8171X262N,SMT,TOP,M,개별 배치,76,170,0,PV_B+ V_PB
D14,2,PV_B DC-DC (플라이백 B),DIODE_36,SCS205KNHR,SOT254P1510X450-3N,SMT,BOTTOM,H,개별 배치,160,176,0,PHV
D15,2,PV_B DC-DC (플라이백 B),DIODE,DR2G-L,DIOM5639X245M,SMT,BOTTOM,M,개별 배치,114,182,0,
D16,2,PV_B DC-DC (플라이백 B),DIODE,"PMEG3020ER,115",DIOM3517X100N,SMT,TOP,L,군집: p2 게이트·스너버 (하면),83.5,175.5,,
D17,2,PV_B DC-DC (플라이백 B),DIODE,"PMEG3020ER,115",DIOM3517X100N,SMT,TOP,L,군집: p2 게이트·스너버 (하면),83.5,175.5,,
D18,2,PV_B DC-DC (플라이백 B),DIODE SCHOTTKY,BAS100CS-AU_R1,DIOM2512X090N,SMT,TOP,L,군집: p2 게이트·스너버 (하면),83.5,175.5,,
D19,2,PV_B DC-DC (플라이백 B),DIODE_36,SCS205KNHR,SOT254P1510X450-3N,SMT,BOTTOM,H,개별 배치,160,210,0,PHV
D20,2,PV_B DC-DC (플라이백 B),DIODE,DR2G-L,DIOM5639X245M,SMT,BOTTOM,M,개별 배치,114,196,0,
D21,2,PV_B DC-DC (플라이백 B),DIODE,"PMEG3020ER,115",DIOM3517X100N,SMT,TOP,L,군집: p2 게이트·스너버 (하면),83.5,175.5,,
D22,2,PV_B DC-DC (플라이백 B),DIODE,"PMEG3020ER,115",DIOM3517X100N,SMT,TOP,L,군집: p2 게이트·스너버 (하면),83.5,175.5,,
D23,3,GRID (언폴더·AC 필터·릴레이·보호),PHOTODIODE_1,S8008D,SOT228P998X235-3N,SMT,BOTTOM,H,개별 배치,176,112,0,AC_N PHV
D24,3,GRID (언폴더·AC 필터·릴레이·보호),PHOTODIODE_1,S8008D,SOT228P998X235-3N,SMT,BOTTOM,H,개별 배치,176,140,0,AC_L PHV
D25,3,GRID (언폴더·AC 필터·릴레이·보호),DIODE,MURS1JAL,DIOM5329X245N,SMT,TOP,M,개별 배치,152,150,0,
D26,3,GRID (언폴더·AC 필터·릴레이·보호),DIODE,MURS1JAL,DIOM5329X245N,SMT,TOP,M,개별 배치,158,150,0,
D27,3,GRID (언폴더·AC 필터·릴레이·보호),DIODE_25,SL1411600,SL1411A600,THT,TOP,L,개별 배치,214,200,0,
D28,3,GRID (언폴더·AC 필터·릴레이·보호),DIODE SCHOTTKY_13,BAS100AS-AU,DIOM3716X135N,SMT,TOP,L,개별 배치,176,150,0,VCC_12V0
D29,4,AUX 전원 (LM5156 플라이백),DIODE SCHOTTKY,PMEG10010ELR,DIOM3517X100N,SMT,TOP,L,개별 배치,64,142,0,PV_B+
D30,4,AUX 전원 (LM5156 플라이백),DIODE SCHOTTKY,PMEG10010ELR,DIOM3517X100N,SMT,TOP,L,개별 배치,64,150,0,PV_A+
D31,4,AUX 전원 (LM5156 플라이백),DIODE SCHOTTKY,BAS100CS-AU_R1,DIOM2512X090N,SMT,TOP,L,군집: p4 AUX 소형 SMD,86.0,157.0,,VCC_12V0
D32,4,AUX 전원 (LM5156 플라이백),DIODE SCHOTTKY,PMEG10010ELR,DIOM3517X100N,SMT,TOP,L,군집: p4 AUX 소형 SMD,86.0,157.0,,VDD_3V3
D33,4,AUX 전원 (LM5156 플라이백),DIODE,"PMEG3020ER,115",DIOM3517X100N,SMT,TOP,L,군집: p4 AUX 소형 SMD,86.0,157.0,,
D34,4,AUX 전원 (LM5156 플라이백),DIODE,"PMEG3020ER,115",DIOM3517X100N,SMT,TOP,L,군집: p4 AUX 소형 SMD,86.0,157.0,,
D35,4,AUX 전원 (LM5156 플라이백),DIODE SCHOTTKY,PMEG10010ELR,DIOM3517X100N,SMT,TOP,L,군집: p4 AUX 소형 SMD,86.0,157.0,,VCC_5V0
D36,4,AUX 전원 (LM5156 플라이백),DIODE SCHOTTKY,PMEG10010ELR,DIOM3517X100N,SMT,TOP,L,군집: p4 AUX 소형 SMD,86.0,157.0,,VCC_10V0
D37,4,AUX 전원 (LM5156 플라이백),DIODE SCHOTTKY,NC,DIOM3517X100N,SMT,TOP,L,군집: p4 AUX 소형 SMD,86.0,157.0,,VCC_10V0
D38,4,AUX 전원 (LM5156 플라이백),DIODE,PMEG10010ELR,DIOM3517X100N,SMT,TOP,L,군집: p4 AUX 소형 SMD,86.0,157.0,,GND VCC_10V0
D39,6,ESP32·TPM·USB·CAN,DIODE_0,PESD2IVN24-TR,sot-23,SMT,TOP,L,개별 배치,104,19,0,CAN_H_C CAN_L_C GND
D40,8,언폴더 게이트 로직 (2차측),DIODE_41,SMBJ400CAL,DIOM5639X245N,SMT,TOP,L,개별 배치,156,56,0,
D41,8,언폴더 게이트 로직 (2차측),DIODE_41,SMBJ5.0CA,DIOM5639X245N,SMT,TOP,L,개별 배치,156,63,0,PGND
D42,9,아날로그 컨디셔닝,DIODE_42,BAS40E6327HTSA1,SOT95P240X100-3N,SMT,TOP,L,개별 배치,118,60,0,GND VDDA_3V3
D43,9,아날로그 컨디셔닝,DIODE_42,BAS40E6327HTSA1,SOT95P240X100-3N,SMT,TOP,L,개별 배치,124,60,0,GND VDDA_3V3
D44,9,아날로그 컨디셔닝,DIODE_42,BAS40E6327HTSA1,SOT95P240X100-3N,SMT,TOP,L,개별 배치,130,60,0,GND VDDA_3V3
EC1,1,PV_A DC-DC (플라이백 A),CAP,63ZLJ2700M18X40,CAPPRD750W80D1800H4000,THT,TOP,M,개별 배치,35,18,0,I_PV_A- PV_A+
EC2,1,PV_A DC-DC (플라이백 A),CAP,63ZLJ2700M18X40,CAPPRD750W80D1800H4000,THT,TOP,M,개별 배치,35,38,0,I_PV_A+ PV_A+
EC3,1,PV_A DC-DC (플라이백 A),CAP,63ZLJ2700M18X40,CAPPRD750W80D1800H4000,THT,TOP,M,개별 배치,35,58,0,I_PV_A+ PV_A+
EC4,1,PV_A DC-DC (플라이백 A),CAP,63ZLJ2700M18X40,CAPPRD750W80D1800H4000,THT,TOP,M,개별 배치,35,78,0,I_PV_A+ PV_A+
EC5,1,PV_A DC-DC (플라이백 A),CAP,63ZLJ2700M18X40,CAPPRD750W80D1800H4000,THT,TOP,M,개별 배치,35,98,0,I_PV_A+ PV_A+
EC6,1,PV_A DC-DC (플라이백 A),CAP,63ZLJ2700M18X40,CAPPRD750W80D1800H4000,THT,TOP,M,개별 배치,35,118,0,I_PV_A+ PV_A+
EC7,2,PV_B DC-DC (플라이백 B),CAP,63ZLJ2700M18X40,CAPPRD750W80D1800H4000,THT,TOP,M,개별 배치,35,138,0,I_PV_B- PV_B+
EC8,2,PV_B DC-DC (플라이백 B),CAP,63ZLJ2700M18X40,CAPPRD750W80D1800H4000,THT,TOP,M,개별 배치,35,158,0,I_PV_B+ PV_B+
EC9,2,PV_B DC-DC (플라이백 B),CAP,63ZLJ2700M18X40,CAPPRD750W80D1800H4000,THT,TOP,M,개별 배치,35,178,0,I_PV_B+ PV_B+
EC10,2,PV_B DC-DC (플라이백 B),CAP,63ZLJ2700M18X40,CAPPRD750W80D1800H4000,THT,TOP,M,개별 배치,35,198,0,I_PV_B+ PV_B+
EC11,2,PV_B DC-DC (플라이백 B),CAP,63ZLJ2700M18X40,CAPPRD750W80D1800H4000,THT,TOP,M,개별 배치,35,218,0,I_PV_B+ PV_B+
EC12,2,PV_B DC-DC (플라이백 B),CAP,63ZLJ2700M18X40,CAPPRD750W80D1800H4000,THT,TOP,M,개별 배치,35,238,0,I_PV_B+ PV_B+
F1,3,GRID (언폴더·AC 필터·릴레이·보호),FUSE_1,0678L9100-02,0678L9100-02,SMT,TOP,L,개별 배치,226,74,0,AC_L_IN
F2,3,GRID (언폴더·AC 필터·릴레이·보호),FUSE_1,0678L9100-02,0678L9100-02,SMT,TOP,L,개별 배치,236,222,0,I_GRID_LK
ISO1,8,언폴더 게이트 로직 (2차측),ELD207,ELD207,ELD207,SMT,TOP,L,개별 배치,140,48,0,GND PGND
ISO2,3,GRID (언폴더·AC 필터·릴레이·보호),PHOTODIODE_8,MOC3063S-TA,SOP254P1016X385-6N,SMT,TOP,L,개별 배치,140,137,0,GND NC
ISO3,3,GRID (언폴더·AC 필터·릴레이·보호),PHOTODIODE_8,MOC3063S-TA,SOP254P1016X385-6N,SMT,TOP,L,개별 배치,140,161,0,GND NC
ISO4,8,언폴더 게이트 로직 (2차측),OPTO ISOLATOR-A_6,FOD817D3SD,SOP254P1016X385-4N,SMT,TOP,L,개별 배치,140,58,0,PGND
J1,1,PV_A DC-DC (플라이백 A),JUMPER_6,250T-1,250T-1,THT,TOP,L,개별 배치,4,40,0,PV_A+
J2,1,PV_A DC-DC (플라이백 A),JUMPER_6,250T-1,250T-1,THT,TOP,L,개별 배치,4,60,0,PV_A+
J3,1,PV_A DC-DC (플라이백 A),JUMPER_6,250T-1,250T-1,THT,TOP,L,개별 배치,4,90,0,I_PV_A-
J4,1,PV_A DC-DC (플라이백 A),JUMPER_6,250T-1,250T-1,THT,TOP,L,개별 배치,4,110,0,I_PV_A-
J5,1,PV_A DC-DC (플라이백 A),JUMPER_8,FGND,FGND,THT,TOP,L,개별 배치,8,8,0,GND_EARTH
J6,2,PV_B DC-DC (플라이백 B),JUMPER_6,250T-1,250T-1,THT,TOP,L,개별 배치,4,150,0,PV_B+
J7,2,PV_B DC-DC (플라이백 B),JUMPER_6,250T-1,250T-1,THT,TOP,L,개별 배치,4,170,0,PV_B+
J8,2,PV_B DC-DC (플라이백 B),JUMPER_6,250T-1,250T-1,THT,TOP,L,개별 배치,4,200,0,I_PV_B-
J9,2,PV_B DC-DC (플라이백 B),JUMPER_6,250T-1,250T-1,THT,TOP,L,개별 배치,4,220,0,I_PV_B-
J10,2,PV_B DC-DC (플라이백 B),JUMPER_8,FGND,FGND,THT,TOP,L,개별 배치,8,242,0,GND_EARTH
J11,3,GRID (언폴더·AC 필터·릴레이·보호),JUMPER_6,250T-1,250T-1,THT,TOP,L,개별 배치,246,96,0,
J12,3,GRID (언폴더·AC 필터·릴레이·보호),JUMPER_6,250T-1,250T-1,THT,TOP,L,개별 배치,246,108,0,
J13,3,GRID (언폴더·AC 필터·릴레이·보호),JUMPER_6,250T-1,250T-1,THT,TOP,L,개별 배치,246,160,0,GND_EARTH
J14,3,GRID (언폴더·AC 필터·릴레이·보호),JUMPER_6,250T-1,250T-1,THT,TOP,L,개별 배치,246,172,0,GND_EARTH
J15,3,GRID (언폴더·AC 필터·릴레이·보호),JUMPER_6,250T-1,250T-1,THT,TOP,L,개별 배치,246,128,0,
J16,3,GRID (언폴더·AC 필터·릴레이·보호),JUMPER_6,250T-1,250T-1,THT,TOP,L,개별 배치,246,140,0,
J17,3,GRID (언폴더·AC 필터·릴레이·보호),JUMPER_8,FGND,FGND,THT,TOP,L,개별 배치,242,8,0,GND_EARTH
J18,3,GRID (언폴더·AC 필터·릴레이·보호),JUMPER_8,FGND,FGND,THT,TOP,L,개별 배치,242,242,0,I_GRID_LK
J19,5,MCU (STM32G474),HEADER 2_4,2.54-1x6PStraight pin,hdr1x6_p2_54,THT,TOP,L,개별 배치,127,4,0,/RESET_C GND SWCLK_C SWDIO_C VDD_3V3
J20,5,MCU (STM32G474),HEADER 2_9,easyDSP,702461004,THT,TOP,L,개별 배치,127,14,0,/BOOT_C /RESET_C GND NC UART2_RXD_C UART2_TXD_C VDD_3V3
J21,6,ESP32·TPM·USB·CAN,HEADER 2_1,2.54-1x4PStraight pin,hdr1x4_p2_54,THT,TOP,L,개별 배치,112,4,0,GND UART1_RXD_C UART1_TXD_C VCC_3V3
J22,6,ESP32·TPM·USB·CAN,HEADER 2_2,2.54-1x3PStraight pin,hdr1x3_p2_54,THT,TOP,L,개별 배치,94,24,0,BOOT_SEL_C GND
J23,6,ESP32·TPM·USB·CAN,HEADER 2_8,2.54-1x2PStraight pin,hdr1x2_p2_54,THT,TOP,L,개별 배치,133,9,0,CAN_H_C CAN_L_C
L1,1,PV_A DC-DC (플라이백 A),BEAD_1,BLM18KG601SN1D,BEADC1608X80N,SMT,TOP,L,군집: p1 게이트·스너버 (하면),83.5,85.5,,V_PA
L2,1,PV_A DC-DC (플라이백 A),BEAD_1,BLM18KG601SN1D,BEADC1608X80N,SMT,TOP,L,군집: p1 게이트·스너버 (하면),83.5,85.5,,VCC_10V0
L3,1,PV_A DC-DC (플라이백 A),BEAD_1,BLM18KG601SN1D,BEADC1608X80N,SMT,TOP,L,군집: p1 게이트·스너버 (하면),83.5,85.5,,V_PA
L4,2,PV_B DC-DC (플라이백 B),BEAD_1,BLM18KG601SN1D,BEADC1608X80N,SMT,TOP,L,군집: p2 게이트·스너버 (하면),83.5,175.5,,V_PB
L5,2,PV_B DC-DC (플라이백 B),BEAD_1,BLM18KG601SN1D,BEADC1608X80N,SMT,TOP,L,군집: p2 게이트·스너버 (하면),83.5,175.5,,VCC_10V0
L6,2,PV_B DC-DC (플라이백 B),BEAD_1,BLM18KG601SN1D,BEADC1608X80N,SMT,TOP,L,군집: p2 게이트·스너버 (하면),83.5,175.5,,V_PB
L7,3,GRID (언폴더·AC 필터·릴레이·보호),TRANSFORMER AIR CORE_7,LF19S-102-8A,INDRR1850X900W80L2400T1300H2300,THT,TOP,M,개별 배치,196,60,0,AC_L AC_N
L8,3,GRID (언폴더·AC 필터·릴레이·보호),TRANSFORMER AIR CORE_7,LF19S-102-8A,INDRR1850X900W80L2400T1300H2300,THT,TOP,M,개별 배치,226,108,0,AC_N_IN
L10,4,AUX 전원 (LM5156 플라이백),BEAD_1,BLM18KG601SN1D,BEADC1608X80N,SMT,TOP,L,군집: p4 AUX 소형 SMD,86.0,157.0,,VDDA_3V3 VDD_3V3
L11,6,ESP32·TPM·USB·CAN,INDUCTOR_2,ACT45B-101-2P-TL003,4532,SMT,TOP,L,개별 배치,104,13,0,CAN_H_C CAN_L_C
L12,4,AUX 전원 (LM5156 플라이백),INDUCTOR,SPM6530T-4R7M,INDM7165X300N,SMT,TOP,M,개별 배치,80,149,0,
LS1,3,GRID (언폴더·AC 필터·릴레이·보호),RELAY DPDT_8,GR2G-2A4-DC12,RLYRR2500X750L2900T1350H2650,THT,TOP,M,개별 배치,226,60,0,AC_L_IN AC_N_IN VCC_12V0
Q1,1,PV_A DC-DC (플라이백 A),IRF1010E/TO_13,IAUCN10S7L040,SON127P515X548X100-8N,SMT,BOTTOM,H,개별 배치,100,78,0,I_PV_A+
Q2,1,PV_A DC-DC (플라이백 A),IRF1010E/TO_13,IAUCN10S7L040,SON127P515X548X100-8N,SMT,BOTTOM,H,개별 배치,100,90,0,I_PV_A+
Q3,1,PV_A DC-DC (플라이백 A),IRF1010E/TO_13,IAUCN10S7L040,SON127P515X548X100-8N,SMT,BOTTOM,H,개별 배치,100,108,0,I_PV_A+
Q4,1,PV_A DC-DC (플라이백 A),IRF1010E/TO_13,IAUCN10S7L040,SON127P515X548X100-8N,SMT,BOTTOM,H,개별 배치,100,120,0,I_PV_A+
Q5,2,PV_B DC-DC (플라이백 B),IRF1010E/TO_13,IAUCN10S7L040,SON127P515X548X100-8N,SMT,BOTTOM,H,개별 배치,100,168,0,I_PV_B+
Q6,2,PV_B DC-DC (플라이백 B),IRF1010E/TO_13,IAUCN10S7L040,SON127P515X548X100-8N,SMT,BOTTOM,H,개별 배치,100,180,0,I_PV_B+
Q7,2,PV_B DC-DC (플라이백 B),IRF1010E/TO_13,IAUCN10S7L040,SON127P515X548X100-8N,SMT,BOTTOM,H,개별 배치,100,198,0,I_PV_B+
Q8,2,PV_B DC-DC (플라이백 B),IRF1010E/TO_13,IAUCN10S7L040,SON127P515X548X100-8N,SMT,BOTTOM,H,개별 배치,100,210,0,I_PV_B+
Q9,3,GRID (언폴더·AC 필터·릴레이·보호),2N7002,BSS316NH6327,SOT95P240X100-3N,SMT,TOP,L,개별 배치,182,150,0,GND
Q10,4,AUX 전원 (LM5156 플라이백),IRF1010E/TO_13,IAUCN10S7L040,SON127P515X548X100-8N,SMT,TOP,M,개별 배치,108,149,0,
Q11,6,ESP32·TPM·USB·CAN,2N7002,2N7002LT1G,SOT-23,SMT,TOP,L,군집: p6 ESP32/TPM/CAN 소형 SMD,76.0,38.5,,/RESET_C GND
Q12,8,언폴더 게이트 로직 (2차측),2N7000,OSG65R360DEF,SOT228P991X233-3M,SMT,BOTTOM,H,개별 배치,176,126,0,PGND
Q13,8,언폴더 게이트 로직 (2차측),2N7000,IPB80R290C3A,SOT254P1524X457-3N,SMT,BOTTOM,H,개별 배치,194,112,0,AC_N
Q14,8,언폴더 게이트 로직 (2차측),2N7000,IPB80R290C3A,SOT254P1524X457-3N,SMT,BOTTOM,H,개별 배치,194,140,0,AC_L
R1,1,PV_A DC-DC (플라이백 A),R_0,680F,RESC2012,SMT,TOP,L,군집: p1 게이트·스너버 (하면),83.5,85.5,,ADC_V_PA1
R2,1,PV_A DC-DC (플라이백 A),R_0,2MF,RESC2012,SMT,TOP,L,군집: p1 게이트·스너버 (하면),83.5,85.5,,PV_A+
R3,1,PV_A DC-DC (플라이백 A),R_0,510F,RESC2012,SMT,TOP,L,군집: p1 게이트·스너버 (하면),83.5,85.5,,
R4,1,PV_A DC-DC (플라이백 A),R_0,2F,RESC2012,SMT,TOP,L,군집: p1 게이트·스너버 (하면),83.5,85.5,,
R5,1,PV_A DC-DC (플라이백 A),R_0,2MF,RESC2012,SMT,TOP,L,군집: p1 게이트·스너버 (하면),83.5,85.5,,GND_EARTH
R6,1,PV_A DC-DC (플라이백 A),R_0,HoLR2512-3W-2mR-1%,RESC6432,SMT,TOP,M,개별 배치,60,76,90,I_PV_A+ I_PV_A-
R7,1,PV_A DC-DC (플라이백 A),R_0,6.65F,RESC2012,SMT,TOP,L,군집: p1 게이트·스너버 (하면),83.5,85.5,,
R8,1,PV_A DC-DC (플라이백 A),R_0,6.65F,RESC2012,SMT,TOP,L,군집: p1 게이트·스너버 (하면),83.5,85.5,,
R9,1,PV_A DC-DC (플라이백 A),R_0,10KF,RESC2012,SMT,TOP,L,군집: p1 게이트·스너버 (하면),83.5,85.5,,I_PV_A+
R10,1,PV_A DC-DC (플라이백 A),R_0,0F,RESC6432,SMT,BOTTOM,L,개별 배치,114,99,0,
R11,1,PV_A DC-DC (플라이백 A),R_0,1F,RESC2012,SMT,TOP,L,군집: p1 게이트·스너버 (하면),83.5,85.5,,
R12,1,PV_A DC-DC (플라이백 A),R_0,1F,RESC2012,SMT,TOP,L,군집: p1 게이트·스너버 (하면),83.5,85.5,,
R13,1,PV_A DC-DC (플라이백 A),R_0,6.65F,RESC2012,SMT,TOP,L,군집: p1 게이트·스너버 (하면),83.5,85.5,,
R14,1,PV_A DC-DC (플라이백 A),R_0,6.65F,RESC2012,SMT,TOP,L,군집: p1 게이트·스너버 (하면),83.5,85.5,,
R15,1,PV_A DC-DC (플라이백 A),R_0,10KF,RESC2012,SMT,TOP,L,군집: p1 게이트·스너버 (하면),83.5,85.5,,I_PV_A+
R16,1,PV_A DC-DC (플라이백 A),R_0,0F,RESC2012,SMT,TOP,L,군집: p1 게이트·스너버 (하면),83.5,85.5,,NC
R17,1,PV_A DC-DC (플라이백 A),R_0,1F,RESC2012,SMT,TOP,L,군집: p1 게이트·스너버 (하면),83.5,85.5,,
R18,1,PV_A DC-DC (플라이백 A),R_0,1F,RESC2012,SMT,TOP,L,군집: p1 게이트·스너버 (하면),83.5,85.5,,
R19,1,PV_A DC-DC (플라이백 A),R_0,0F,RESC2012,SMT,TOP,L,군집: p1 게이트·스너버 (하면),83.5,85.5,,NC
R20,1,PV_A DC-DC (플라이백 A),R_0,22F,RESC2012,SMT,TOP,L,군집: p1 게이트·스너버 (하면),83.5,85.5,,PWM_A1
R21,1,PV_A DC-DC (플라이백 A),R_0,680F,RESC2012,SMT,TOP,L,군집: p1 게이트·스너버 (하면),83.5,85.5,,ADC_V_PA2
R22,1,PV_A DC-DC (플라이백 A),R_0,510F,RESC2012,SMT,TOP,L,군집: p1 게이트·스너버 (하면),83.5,85.5,,
R23,1,PV_A DC-DC (플라이백 A),R_0,2F,RESC2012,SMT,TOP,L,군집: p1 게이트·스너버 (하면),83.5,85.5,,
R24,1,PV_A DC-DC (플라이백 A),R_0,22F,RESC2012,SMT,TOP,L,군집: p1 게이트·스너버 (하면),83.5,85.5,,PWM_A2
R25,1,PV_A DC-DC (플라이백 A),R_0,10KF,RESC2012,SMT,TOP,L,군집: p1 게이트·스너버 (하면),83.5,85.5,,I_PV_A+
R26,1,PV_A DC-DC (플라이백 A),R_0,10KF,RESC2012,SMT,TOP,L,군집: p1 게이트·스너버 (하면),83.5,85.5,,I_PV_A+
R27,1,PV_A DC-DC (플라이백 A),R_0,6.65F,RESC2012,SMT,TOP,L,군집: p1 게이트·스너버 (하면),83.5,85.5,,
R28,1,PV_A DC-DC (플라이백 A),R_0,6.65F,RESC2012,SMT,TOP,L,군집: p1 게이트·스너버 (하면),83.5,85.5,,
R29,1,PV_A DC-DC (플라이백 A),R_0,10KF,RESC2012,SMT,TOP,L,군집: p1 게이트·스너버 (하면),83.5,85.5,,I_PV_A+
R30,1,PV_A DC-DC (플라이백 A),R_0,0F,RESC6432,SMT,BOTTOM,L,개별 배치,114,126,0,
R31,1,PV_A DC-DC (플라이백 A),R_0,1F,RESC2012,SMT,TOP,L,군집: p1 게이트·스너버 (하면),83.5,85.5,,
R32,1,PV_A DC-DC (플라이백 A),R_0,1F,RESC2012,SMT,TOP,L,군집: p1 게이트·스너버 (하면),83.5,85.5,,
R33,1,PV_A DC-DC (플라이백 A),R_0,6.65F,RESC2012,SMT,TOP,L,군집: p1 게이트·스너버 (하면),83.5,85.5,,
R34,1,PV_A DC-DC (플라이백 A),R_0,6.65F,RESC2012,SMT,TOP,L,군집: p1 게이트·스너버 (하면),83.5,85.5,,
R35,1,PV_A DC-DC (플라이백 A),R_0,10KF,RESC2012,SMT,TOP,L,군집: p1 게이트·스너버 (하면),83.5,85.5,,I_PV_A+
R36,1,PV_A DC-DC (플라이백 A),R_0,1F,RESC2012,SMT,TOP,L,군집: p1 게이트·스너버 (하면),83.5,85.5,,
R37,1,PV_A DC-DC (플라이백 A),R_0,1F,RESC2012,SMT,TOP,L,군집: p1 게이트·스너버 (하면),83.5,85.5,,
R38,2,PV_B DC-DC (플라이백 B),R_0,680F,RESC2012,SMT,TOP,L,군집: p2 게이트·스너버 (하면),83.5,175.5,,ADC_V_PB1
R39,2,PV_B DC-DC (플라이백 B),R_0,2MF,RESC2012,SMT,TOP,L,군집: p2 게이트·스너버 (하면),83.5,175.5,,PV_B+
R40,2,PV_B DC-DC (플라이백 B),R_0,510F,RESC2012,SMT,TOP,L,군집: p2 게이트·스너버 (하면),83.5,175.5,,
R41,2,PV_B DC-DC (플라이백 B),R_0,2F,RESC2012,SMT,TOP,L,군집: p2 게이트·스너버 (하면),83.5,175.5,,
R42,2,PV_B DC-DC (플라이백 B),R_0,2MF,RESC2012,SMT,TOP,L,군집: p2 게이트·스너버 (하면),83.5,175.5,,GND_EARTH
R43,2,PV_B DC-DC (플라이백 B),R_0,HoLR2512-3W-2mR-1%,RESC6432,SMT,TOP,M,개별 배치,60,176,90,I_PV_B+ I_PV_B-
R44,2,PV_B DC-DC (플라이백 B),R_0,6.65F,RESC2012,SMT,TOP,L,군집: p2 게이트·스너버 (하면),83.5,175.5,,
R45,2,PV_B DC-DC (플라이백 B),R_0,6.65F,RESC2012,SMT,TOP,L,군집: p2 게이트·스너버 (하면),83.5,175.5,,
R46,2,PV_B DC-DC (플라이백 B),R_0,10KF,RESC2012,SMT,TOP,L,군집: p2 게이트·스너버 (하면),83.5,175.5,,I_PV_B+
R47,2,PV_B DC-DC (플라이백 B),R_0,0F,RESC6432,SMT,BOTTOM,L,개별 배치,114,189,0,
R48,2,PV_B DC-DC (플라이백 B),R_0,1F,RESC2012,SMT,TOP,L,군집: p2 게이트·스너버 (하면),83.5,175.5,,
R49,2,PV_B DC-DC (플라이백 B),R_0,1F,RESC2012,SMT,TOP,L,군집: p2 게이트·스너버 (하면),83.5,175.5,,
R50,2,PV_B DC-DC (플라이백 B),R_0,6.65F,RESC2012,SMT,TOP,L,군집: p2 게이트·스너버 (하면),83.5,175.5,,
R51,2,PV_B DC-DC (플라이백 B),R_0,6.65F,RESC2012,SMT,TOP,L,군집: p2 게이트·스너버 (하면),83.5,175.5,,
R52,2,PV_B DC-DC (플라이백 B),R_0,10KF,RESC2012,SMT,TOP,L,군집: p2 게이트·스너버 (하면),83.5,175.5,,I_PV_B+
R53,2,PV_B DC-DC (플라이백 B),R_0,0F,RESC2012,SMT,TOP,L,군집: p2 게이트·스너버 (하면),83.5,175.5,,NC
R54,2,PV_B DC-DC (플라이백 B),R_0,1F,RESC2012,SMT,TOP,L,군집: p2 게이트·스너버 (하면),83.5,175.5,,
R55,2,PV_B DC-DC (플라이백 B),R_0,1F,RESC2012,SMT,TOP,L,군집: p2 게이트·스너버 (하면),83.5,175.5,,
R56,2,PV_B DC-DC (플라이백 B),R_0,0F,RESC2012,SMT,TOP,L,군집: p2 게이트·스너버 (하면),83.5,175.5,,NC
R57,2,PV_B DC-DC (플라이백 B),R_0,22F,RESC2012,SMT,TOP,L,군집: p2 게이트·스너버 (하면),83.5,175.5,,PWM_B1
R58,2,PV_B DC-DC (플라이백 B),R_0,680F,RESC2012,SMT,TOP,L,군집: p2 게이트·스너버 (하면),83.5,175.5,,ADC_V_PB2
R59,2,PV_B DC-DC (플라이백 B),R_0,22F,RESC2012,SMT,TOP,L,군집: p2 게이트·스너버 (하면),83.5,175.5,,PWM_B2
R60,2,PV_B DC-DC (플라이백 B),R_0,510F,RESC2012,SMT,TOP,L,군집: p2 게이트·스너버 (하면),83.5,175.5,,
R61,2,PV_B DC-DC (플라이백 B),R_0,2F,RESC2012,SMT,TOP,L,군집: p2 게이트·스너버 (하면),83.5,175.5,,
R62,2,PV_B DC-DC (플라이백 B),R_0,10KF,RESC2012,SMT,TOP,L,군집: p2 게이트·스너버 (하면),83.5,175.5,,I_PV_B+
R63,2,PV_B DC-DC (플라이백 B),R_0,10KF,RESC2012,SMT,TOP,L,군집: p2 게이트·스너버 (하면),83.5,175.5,,I_PV_B+
R64,2,PV_B DC-DC (플라이백 B),R_0,6.65F,RESC2012,SMT,TOP,L,군집: p2 게이트·스너버 (하면),83.5,175.5,,
R65,2,PV_B DC-DC (플라이백 B),R_0,6.65F,RESC2012,SMT,TOP,L,군집: p2 게이트·스너버 (하면),83.5,175.5,,
R66,2,PV_B DC-DC (플라이백 B),R_0,10KF,RESC2012,SMT,TOP,L,군집: p2 게이트·스너버 (하면),83.5,175.5,,I_PV_B+
R67,2,PV_B DC-DC (플라이백 B),R_0,0F,RESC6432,SMT,BOTTOM,L,개별 배치,114,216,0,
R68,2,PV_B DC-DC (플라이백 B),R_0,1F,RESC2012,SMT,TOP,L,군집: p2 게이트·스너버 (하면),83.5,175.5,,
R69,2,PV_B DC-DC (플라이백 B),R_0,1F,RESC2012,SMT,TOP,L,군집: p2 게이트·스너버 (하면),83.5,175.5,,
R70,2,PV_B DC-DC (플라이백 B),R_0,6.65F,RESC2012,SMT,TOP,L,군집: p2 게이트·스너버 (하면),83.5,175.5,,
R71,2,PV_B DC-DC (플라이백 B),R_0,6.65F,RESC2012,SMT,TOP,L,군집: p2 게이트·스너버 (하면),83.5,175.5,,
R72,2,PV_B DC-DC (플라이백 B),R_0,10KF,RESC2012,SMT,TOP,L,군집: p2 게이트·스너버 (하면),83.5,175.5,,I_PV_B+
R73,2,PV_B DC-DC (플라이백 B),R_0,1F,RESC2012,SMT,TOP,L,군집: p2 게이트·스너버 (하면),83.5,175.5,,
R74,2,PV_B DC-DC (플라이백 B),R_0,1F,RESC2012,SMT,TOP,L,군집: p2 게이트·스너버 (하면),83.5,175.5,,
R75,3,GRID (언폴더·AC 필터·릴레이·보호),R_0,10F,RESC1608,SMT,TOP,L,군집: p3 GRID 소형 SMD,173.0,161.0,,VDDA_3V3 VDDA_U1
R76,3,GRID (언폴더·AC 필터·릴레이·보호),R_0,10KF,RESC2012,SMT,TOP,L,군집: p3 GRID 소형 SMD,173.0,161.0,,GATE_AC_N VDD_3V3
R77,3,GRID (언폴더·AC 필터·릴레이·보호),R_0,10KF,RESC2012,SMT,TOP,L,군집: p3 GRID 소형 SMD,173.0,161.0,,GATE_AC_L VDD_3V3
R78,3,GRID (언폴더·AC 필터·릴레이·보호),R_0,300F,RESC2012,SMT,TOP,L,군집: p3 GRID 소형 SMD,173.0,161.0,,
R79,3,GRID (언폴더·AC 필터·릴레이·보호),R_0,200F,RESC6432,SMT,TOP,M,개별 배치,160,110,0,PHV
R80,3,GRID (언폴더·AC 필터·릴레이·보호),R_0,300F,RESC2012,SMT,TOP,L,군집: p3 GRID 소형 SMD,173.0,161.0,,
R81,3,GRID (언폴더·AC 필터·릴레이·보호),R_0,200F,RESC6432,SMT,TOP,M,개별 배치,160,116,0,PHV
R82,3,GRID (언폴더·AC 필터·릴레이·보호),R_0,390F,RESC6432,SMT,TOP,M,개별 배치,160,130,0,GND
R83,3,GRID (언폴더·AC 필터·릴레이·보호),R_0,390F,RESC6432,SMT,TOP,M,개별 배치,160,136,0,GND
R84,3,GRID (언폴더·AC 필터·릴레이·보호),R_0,680KF,RESC3216,SMT,TOP,L,군집: p3 GRID 소형 SMD,173.0,161.0,,
R85,3,GRID (언폴더·AC 필터·릴레이·보호),R_0,10F,RESC3216,SMT,TOP,L,군집: p3 GRID 소형 SMD,173.0,161.0,,V_GRID_N
R86,3,GRID (언폴더·AC 필터·릴레이·보호),R_0,680KF,RESC3216,SMT,TOP,L,군집: p3 GRID 소형 SMD,173.0,161.0,,
R87,3,GRID (언폴더·AC 필터·릴레이·보호),R_0,1K,RESC3216,SMT,TOP,L,군집: p3 GRID 소형 SMD,173.0,161.0,,AC_L_IN
R88,3,GRID (언폴더·AC 필터·릴레이·보호),R_0,680KF,RESC3216,SMT,TOP,L,군집: p3 GRID 소형 SMD,173.0,161.0,,AC_N_IN
R89,3,GRID (언폴더·AC 필터·릴레이·보호),R_0,10F,RESC3216,SMT,TOP,L,군집: p3 GRID 소형 SMD,173.0,161.0,,AC_L_IN V_GRID_L
R90,3,GRID (언폴더·AC 필터·릴레이·보호),R_0,LR2512DS-3W-10mR-1%,RESC6432,SMT,TOP,M,개별 배치,226,80,0,
R91,3,GRID (언폴더·AC 필터·릴레이·보호),R_0,510F,RESC1608,SMT,TOP,L,군집: p3 GRID 소형 SMD,173.0,161.0,,RELAY_GRID
R92,3,GRID (언폴더·AC 필터·릴레이·보호),R_0,10F,RESC2012,SMT,TOP,L,군집: p3 GRID 소형 SMD,173.0,161.0,,I_GRID_P
R93,3,GRID (언폴더·AC 필터·릴레이·보호),R_0,100KF,RESC1608,SMT,TOP,L,군집: p3 GRID 소형 SMD,173.0,161.0,,GND
R94,3,GRID (언폴더·AC 필터·릴레이·보호),R_0,10F,RESC2012,SMT,TOP,L,군집: p3 GRID 소형 SMD,173.0,161.0,,I_GRID_N
R95,4,AUX 전원 (LM5156 플라이백),R_0,2M,RESC3216,SMT,TOP,L,군집: p4 AUX 소형 SMD,86.0,157.0,,PV_A+
R96,4,AUX 전원 (LM5156 플라이백),R_0,4.99KF/2W,RESC6432,SMT,TOP,M,개별 배치,118,142,0,
R97,4,AUX 전원 (LM5156 플라이백),R_0,10KF,RESC2012,SMT,TOP,L,군집: p4 AUX 소형 SMD,86.0,157.0,,PGND VCC_12V0
R98,4,AUX 전원 (LM5156 플라이백),R_0,2M,RESC3216,SMT,TOP,L,군집: p4 AUX 소형 SMD,86.0,157.0,,
R99,4,AUX 전원 (LM5156 플라이백),R_0,0F,RESC6432,SMT,TOP,L,개별 배치,118,148,0,
R100,4,AUX 전원 (LM5156 플라이백),R_0,0F,RESC6432,SMT,TOP,L,개별 배치,118,154,0,
R101,4,AUX 전원 (LM5156 플라이백),R_0,0.002,RESC6432,SMT,TOP,L,개별 배치,60,86,90,GND PV_A-
R102,4,AUX 전원 (LM5156 플라이백),R_0,121KF,RESC3216,SMT,TOP,L,군집: p4 AUX 소형 SMD,86.0,157.0,,
R103,4,AUX 전원 (LM5156 플라이백),R_0,10F,RESC2012,SMT,TOP,L,군집: p4 AUX 소형 SMD,86.0,157.0,,
R104,4,AUX 전원 (LM5156 플라이백),R_0,11KF,RESC3216,SMT,TOP,L,군집: p4 AUX 소형 SMD,86.0,157.0,,GND
R105,4,AUX 전원 (LM5156 플라이백),R_0,1F,RESC2012,SMT,TOP,L,군집: p4 AUX 소형 SMD,86.0,157.0,,
R106,4,AUX 전원 (LM5156 플라이백),R_0,LR2512D-3W-30mR-1%,RESC6432,SMT,TOP,M,개별 배치,118,160,0,GND
R107,4,AUX 전원 (LM5156 플라이백),R_0,0F,RESC2012,SMT,TOP,L,군집: p4 AUX 소형 SMD,86.0,157.0,,GND
R108,4,AUX 전원 (LM5156 플라이백),R_0,10KB,RESC2012,SMT,TOP,L,군집: p4 AUX 소형 SMD,86.0,157.0,,VDD_3V3
R109,4,AUX 전원 (LM5156 플라이백),R_0,47.5KB,RESC2012,SMT,TOP,L,군집: p4 AUX 소형 SMD,86.0,157.0,,GND
R110,4,AUX 전원 (LM5156 플라이백),R_0,220KF,RESC2012,SMT,TOP,L,군집: p4 AUX 소형 SMD,86.0,157.0,,GND
R111,4,AUX 전원 (LM5156 플라이백),R_0,10F,RESC2012,SMT,TOP,L,군집: p4 AUX 소형 SMD,86.0,157.0,,
R112,5,MCU (STM32G474),R_0,10KF,RESC1608,SMT,TOP,L,군집: p5 MCU 주변 소형 SMD,99.0,47.5,,/BOOT_C GND
R113,5,MCU (STM32G474),R_0,NC,RESC1608,SMT,TOP,L,군집: p5 MCU 주변 소형 SMD,99.0,47.5,,SWDIO_C VDD_3V3
R114,5,MCU (STM32G474),R_0,NC,RESC1608,SMT,TOP,L,군집: p5 MCU 주변 소형 SMD,99.0,47.5,,SWCLK_C VDD_3V3
R115,5,MCU (STM32G474),R_0,22F,RESC1608,SMT,TOP,L,군집: p5 MCU 주변 소형 SMD,99.0,47.5,,SWO_C
R116,5,MCU (STM32G474),R_0,0F,RESC1608,SMT,TOP,L,군집: p5 MCU 주변 소형 SMD,99.0,47.5,,OSC_IN
R117,5,MCU (STM32G474),R_0,0F,RESC1608,SMT,TOP,L,군집: p5 MCU 주변 소형 SMD,99.0,47.5,,OSC_OUT
R118,5,MCU (STM32G474),R_0,10KF,RESC1608,SMT,TOP,L,군집: p5 MCU 주변 소형 SMD,99.0,47.5,,/RESET_C VDD_3V3
R119,6,ESP32·TPM·USB·CAN,R_0,10KF,RESC1608,SMT,TOP,L,군집: p6 ESP32/TPM/CAN 소형 SMD,76.0,38.5,,EX_SW_C VCC_3V3
R120,6,ESP32·TPM·USB·CAN,R_0,10KF,RESC1608,SMT,TOP,L,군집: p6 ESP32/TPM/CAN 소형 SMD,76.0,38.5,,CS VCC_3V3
R121,6,ESP32·TPM·USB·CAN,R_0,47KF,RESC1608,SMT,TOP,L,군집: p6 ESP32/TPM/CAN 소형 SMD,76.0,38.5,,UART0_RXD VCC_3V3
R122,6,ESP32·TPM·USB·CAN,R_0,47KF,RESC1608,SMT,TOP,L,군집: p6 ESP32/TPM/CAN 소형 SMD,76.0,38.5,,UART0_TXD VCC_3V3
R123,6,ESP32·TPM·USB·CAN,R_0,0F,RESC1608,SMT,TOP,L,군집: p6 ESP32/TPM/CAN 소형 SMD,76.0,38.5,,/RESET_C
R124,6,ESP32·TPM·USB·CAN,R_0,47KF,RESC1608,SMT,TOP,L,군집: p6 ESP32/TPM/CAN 소형 SMD,76.0,38.5,,UART1_RXD_C VCC_3V3
R125,6,ESP32·TPM·USB·CAN,R_0,47KF,RESC1608,SMT,TOP,L,군집: p6 ESP32/TPM/CAN 소형 SMD,76.0,38.5,,UART1_TXD_C VCC_3V3
R126,6,ESP32·TPM·USB·CAN,R_0,10KF,RESC1608,SMT,TOP,L,군집: p6 ESP32/TPM/CAN 소형 SMD,76.0,38.5,,PIRQ VCC_3V3
R127,6,ESP32·TPM·USB·CAN,R_0,0F,RESC1608,SMT,TOP,L,군집: p6 ESP32/TPM/CAN 소형 SMD,76.0,38.5,,/BOOT_C
R128,6,ESP32·TPM·USB·CAN,R_0,10KF,RESC1608,SMT,TOP,L,군집: p6 ESP32/TPM/CAN 소형 SMD,76.0,38.5,,BOOT_SEL_C
R129,6,ESP32·TPM·USB·CAN,R_0,100KF,RESC1608,SMT,TOP,L,군집: p6 ESP32/TPM/CAN 소형 SMD,76.0,38.5,,/RESET_C VCC_3V3
R130,6,ESP32·TPM·USB·CAN,R_0,0F,RESC1608,SMT,TOP,L,군집: p6 ESP32/TPM/CAN 소형 SMD,76.0,38.5,,CS
R131,6,ESP32·TPM·USB·CAN,R_0,33F,RESC1608,SMT,TOP,L,군집: p6 ESP32/TPM/CAN 소형 SMD,76.0,38.5,,MOSI
R132,6,ESP32·TPM·USB·CAN,R_0,0F,RESC1608,SMT,TOP,L,군집: p6 ESP32/TPM/CAN 소형 SMD,76.0,38.5,,PIRQ
R133,6,ESP32·TPM·USB·CAN,R_0,33F,RESC1608,SMT,TOP,L,군집: p6 ESP32/TPM/CAN 소형 SMD,76.0,38.5,,SCLK
R134,6,ESP32·TPM·USB·CAN,R_0,0F,RESC1608,SMT,TOP,L,군집: p6 ESP32/TPM/CAN 소형 SMD,76.0,38.5,,RST
R135,6,ESP32·TPM·USB·CAN,R_0,0F,RESC1608,SMT,TOP,L,군집: p6 ESP32/TPM/CAN 소형 SMD,76.0,38.5,,MISO
R136,6,ESP32·TPM·USB·CAN,R_0,10KF,RESC1608,SMT,TOP,L,군집: p6 ESP32/TPM/CAN 소형 SMD,76.0,38.5,,GND
R137,6,ESP32·TPM·USB·CAN,R_0,0F,RESC1608,SMT,TOP,L,군집: p6 ESP32/TPM/CAN 소형 SMD,76.0,38.5,,GND
R138,6,ESP32·TPM·USB·CAN,R_0,47KF,RESC1608,SMT,TOP,L,군집: p6 ESP32/TPM/CAN 소형 SMD,76.0,38.5,,VCC_3V3
R139,6,ESP32·TPM·USB·CAN,R_0,1KF,RESC1608,SMT,TOP,L,군집: p6 ESP32/TPM/CAN 소형 SMD,76.0,38.5,,/BOOT_C
R140,6,ESP32·TPM·USB·CAN,R_0,100KF,RESC1608,SMT,TOP,L,군집: p6 ESP32/TPM/CAN 소형 SMD,76.0,38.5,,GND
R141,6,ESP32·TPM·USB·CAN,R_0,22F,RESC1608,SMT,TOP,L,군집: p6 ESP32/TPM/CAN 소형 SMD,76.0,38.5,,USB_D+
R142,6,ESP32·TPM·USB·CAN,R_0,22F,RESC1608,SMT,TOP,L,군집: p6 ESP32/TPM/CAN 소형 SMD,76.0,38.5,,USB_D-
R143,6,ESP32·TPM·USB·CAN,R_0,5.1KF,RESC1608,SMT,TOP,L,군집: p6 ESP32/TPM/CAN 소형 SMD,76.0,38.5,,GND
R144,6,ESP32·TPM·USB·CAN,R_0,5.1KF,RESC1608,SMT,TOP,L,군집: p6 ESP32/TPM/CAN 소형 SMD,76.0,38.5,,GND
R145,6,ESP32·TPM·USB·CAN,R_0,1M,RESC1608,SMT,TOP,L,군집: p6 ESP32/TPM/CAN 소형 SMD,76.0,38.5,,GND
R146,6,ESP32·TPM·USB·CAN,RESISTOR,1KF,RESC1608,SMT,TOP,L,군집: p6 ESP32/TPM/CAN 소형 SMD,76.0,38.5,,CAN_TX
R147,6,ESP32·TPM·USB·CAN,RESISTOR,1KF,RESC1608,SMT,TOP,L,군집: p6 ESP32/TPM/CAN 소형 SMD,76.0,38.5,,CAN_RX
R148,6,ESP32·TPM·USB·CAN,RESISTOR,60.4F,RESC2012,SMT,TOP,L,군집: p6 ESP32/TPM/CAN 소형 SMD,76.0,38.5,,CAN_L_C
R149,6,ESP32·TPM·USB·CAN,RESISTOR,60.4F,RESC2012,SMT,TOP,L,군집: p6 ESP32/TPM/CAN 소형 SMD,76.0,38.5,,CAN_H_C
R150,6,ESP32·TPM·USB·CAN,RESISTOR,10KF,RESC1608,SMT,TOP,L,군집: p6 ESP32/TPM/CAN 소형 SMD,76.0,38.5,,CAN_NEN GND
R151,7,센싱 (INA240·AMC3301/3302·OPA),R_0,10F,RESC1608,SMT,TOP,L,군집: p7 센싱 소형 SMD,99.0,67.75,,VDDA_3V3 VDDA_U2
R152,7,센싱 (INA240·AMC3301/3302·OPA),R_0,51.1KF,RESC1608,SMT,TOP,L,군집: p7 센싱 소형 SMD,99.0,67.75,,GND
R153,7,센싱 (INA240·AMC3301/3302·OPA),R_0,75KF,RESC1608,SMT,TOP,L,군집: p7 센싱 소형 SMD,99.0,67.75,,GND
R154,7,센싱 (INA240·AMC3301/3302·OPA),R_0,1KF,RESC1608,SMT,TOP,L,군집: p7 센싱 소형 SMD,99.0,67.75,,GND
R155,7,센싱 (INA240·AMC3301/3302·OPA),R_0,1KF,RESC1608,SMT,TOP,L,군집: p7 센싱 소형 SMD,99.0,67.75,,GND
R156,7,센싱 (INA240·AMC3301/3302·OPA),R_0,510F,RESC1608,SMT,TOP,L,군집: p7 센싱 소형 SMD,99.0,67.75,,ADC_I_PB
R157,7,센싱 (INA240·AMC3301/3302·OPA),R_0,510F,RESC1608,SMT,TOP,L,군집: p7 센싱 소형 SMD,99.0,67.75,,ADC_I_PA
R158,7,센싱 (INA240·AMC3301/3302·OPA),R_0,1KF,RESC1608,SMT,TOP,L,군집: p7 센싱 소형 SMD,99.0,67.75,,PV_B-
R159,7,센싱 (INA240·AMC3301/3302·OPA),R_0,1KF,RESC1608,SMT,TOP,L,군집: p7 센싱 소형 SMD,99.0,67.75,,PV_A-
R160,7,센싱 (INA240·AMC3301/3302·OPA),R_0,51.1KF,RESC1608,SMT,TOP,L,군집: p7 센싱 소형 SMD,99.0,67.75,,
R161,7,센싱 (INA240·AMC3301/3302·OPA),R_0,10F,RESC1608,SMT,TOP,L,군집: p7 센싱 소형 SMD,99.0,67.75,,VDDA_3V3 VDDA_U3
R162,7,센싱 (INA240·AMC3301/3302·OPA),R_0,10F,RESC1608,SMT,TOP,L,군집: p7 센싱 소형 SMD,99.0,67.75,,VDDA_3V3
R163,7,센싱 (INA240·AMC3301/3302·OPA),R_0,20KF,RESC3216,SMT,TOP,L,군집: p7 센싱 소형 SMD,99.0,67.75,,GND
R164,7,센싱 (INA240·AMC3301/3302·OPA),R_0,1MF,RESC3216,SMT,TOP,L,군집: p7 센싱 소형 SMD,99.0,67.75,,V_PA
R165,7,센싱 (INA240·AMC3301/3302·OPA),R_0,510F,RESC1608,SMT,TOP,L,군집: p7 센싱 소형 SMD,99.0,67.75,,ADC_V_PA
R166,7,센싱 (INA240·AMC3301/3302·OPA),R_0,1KF,RESC1608,SMT,TOP,L,군집: p7 센싱 소형 SMD,99.0,67.75,,ADC_I_PA
R167,7,센싱 (INA240·AMC3301/3302·OPA),R_0,10F,RESC1608,SMT,TOP,L,군집: p7 센싱 소형 SMD,99.0,67.75,,VDDA_3V3
R168,7,센싱 (INA240·AMC3301/3302·OPA),R_0,20KF,RESC3216,SMT,TOP,L,군집: p7 센싱 소형 SMD,99.0,67.75,,GND
R169,7,센싱 (INA240·AMC3301/3302·OPA),R_0,1MF,RESC3216,SMT,TOP,L,군집: p7 센싱 소형 SMD,99.0,67.75,,V_PB
R170,7,센싱 (INA240·AMC3301/3302·OPA),R_0,510F,RESC1608,SMT,TOP,L,군집: p7 센싱 소형 SMD,99.0,67.75,,ADC_V_PB
R171,7,센싱 (INA240·AMC3301/3302·OPA),R_0,1KF,RESC1608,SMT,TOP,L,군집: p7 센싱 소형 SMD,99.0,67.75,,ADC_I_PB
R172,7,센싱 (INA240·AMC3301/3302·OPA),R_0,47KF,RESC1608,SMT,TOP,L,군집: p7 센싱 소형 SMD,99.0,67.75,,
R173,7,센싱 (INA240·AMC3301/3302·OPA),R_0,47KF,RESC1608,SMT,TOP,L,군집: p7 센싱 소형 SMD,99.0,67.75,,
R174,7,센싱 (INA240·AMC3301/3302·OPA),R_0,10F,RESC1608,SMT,TOP,L,군집: p7 센싱 소형 SMD,99.0,67.75,,VDDA_3V3
R175,7,센싱 (INA240·AMC3301/3302·OPA),R_0,1KF,RESC1608,SMT,TOP,L,군집: p7 센싱 소형 SMD,99.0,67.75,,ADC_V_GRID_N
R176,7,센싱 (INA240·AMC3301/3302·OPA),R_0,10F,RESC1608,SMT,TOP,L,군집: p7 센싱 소형 SMD,99.0,67.75,,VDDA_3V3
R177,7,센싱 (INA240·AMC3301/3302·OPA),R_0,1KF,RESC1608,SMT,TOP,L,군집: p7 센싱 소형 SMD,99.0,67.75,,ADC_V_GRID_L
R178,7,센싱 (INA240·AMC3301/3302·OPA),R_0,1KF,RESC1608,SMT,TOP,L,군집: p7 센싱 소형 SMD,99.0,67.75,,ADC_I_GRID_P
R179,7,센싱 (INA240·AMC3301/3302·OPA),R_0,1KF,RESC1608,SMT,TOP,L,군집: p7 센싱 소형 SMD,99.0,67.75,,ADC_I_GRID_N
R180,8,언폴더 게이트 로직 (2차측),R_0,2M,RESC3216,SMT,TOP,L,군집: p8 로직 소형 SMD,175.0,42.0,,PV_B+
R181,8,언폴더 게이트 로직 (2차측),R_0,10F,RESC1608,SMT,TOP,L,군집: p8 로직 소형 SMD,175.0,42.0,,VDDA_3V3 VDDA_U4
R182,8,언폴더 게이트 로직 (2차측),R_0,2M,RESC3216,SMT,TOP,L,군집: p8 로직 소형 SMD,175.0,42.0,,I_GRID_LK
R183,8,언폴더 게이트 로직 (2차측),R_0,1MF,RESC3216,SMT,TOP,L,군집: p8 로직 소형 SMD,175.0,42.0,,I_GRID_LK
R184,8,언폴더 게이트 로직 (2차측),R_0,1MF,RESC3216,SMT,TOP,L,군집: p8 로직 소형 SMD,175.0,42.0,,
R185,8,언폴더 게이트 로직 (2차측),R_0,510F,RESC2012,SMT,TOP,L,군집: p8 로직 소형 SMD,175.0,42.0,,ADC_I_GRID_LK
R186,8,언폴더 게이트 로직 (2차측),R_0,51KF,RESC3216,SMT,TOP,L,군집: p8 로직 소형 SMD,175.0,42.0,,GND
R187,8,언폴더 게이트 로직 (2차측),R_0,510F,RESC1608,SMT,TOP,L,군집: p8 로직 소형 SMD,175.0,42.0,,ADC1
R188,8,언폴더 게이트 로직 (2차측),R_0,1.5F,RESC6432,SMT,TOP,M,개별 배치,160,122,0,PHV
R189,8,언폴더 게이트 로직 (2차측),R_0,1.5KF,RESC1608,SMT,TOP,L,군집: p8 로직 소형 SMD,175.0,42.0,,
R190,8,언폴더 게이트 로직 (2차측),R_0,100KF,RESC1608,SMT,TOP,L,군집: p8 로직 소형 SMD,175.0,42.0,,VCC_12V0
R191,8,언폴더 게이트 로직 (2차측),R_0,5.1KF,RESC1608,SMT,TOP,L,군집: p8 로직 소형 SMD,175.0,42.0,,VDDA_3V3
R192,8,언폴더 게이트 로직 (2차측),R_0,10KF,RESC1608,SMT,TOP,L,군집: p8 로직 소형 SMD,175.0,42.0,,VDD_3V3
R193,8,언폴더 게이트 로직 (2차측),R_0,51F,RESC1608,SMT,TOP,L,군집: p8 로직 소형 SMD,175.0,42.0,,
R194,8,언폴더 게이트 로직 (2차측),R_0,0F,RESC1608,SMT,TOP,L,군집: p8 로직 소형 SMD,175.0,42.0,,IO1
R195,8,언폴더 게이트 로직 (2차측),R_0,5.1KF,RESC1608,SMT,TOP,L,군집: p8 로직 소형 SMD,175.0,42.0,,VCC_12V0
R196,8,언폴더 게이트 로직 (2차측),R_0,300F,RESC1608,SMT,TOP,L,군집: p8 로직 소형 SMD,175.0,42.0,,
R197,8,언폴더 게이트 로직 (2차측),R_0,5.1KF,RESC1608,SMT,TOP,L,군집: p8 로직 소형 SMD,175.0,42.0,,
R198,8,언폴더 게이트 로직 (2차측),R_0,10F,RESC3216,SMT,TOP,L,군집: p8 로직 소형 SMD,175.0,42.0,,
R199,8,언폴더 게이트 로직 (2차측),R_0,1KF,RESC1608,SMT,TOP,L,군집: p8 로직 소형 SMD,175.0,42.0,,
R200,8,언폴더 게이트 로직 (2차측),R_0,80m,RESC6432,SMT,BOTTOM,M,개별 배치,206,108,0,PGND
R201,8,언폴더 게이트 로직 (2차측),R_0,80m,RESC6432,SMT,BOTTOM,M,개별 배치,206,114,0,PGND
R202,8,언폴더 게이트 로직 (2차측),R_0,10F,RESC3216,SMT,TOP,L,군집: p8 로직 소형 SMD,175.0,42.0,,PGND
R203,8,언폴더 게이트 로직 (2차측),R_0,51F,RESC1608,SMT,TOP,L,군집: p8 로직 소형 SMD,175.0,42.0,,
R204,8,언폴더 게이트 로직 (2차측),R_0,30KF,RESC1608,SMT,TOP,L,군집: p8 로직 소형 SMD,175.0,42.0,,PGND
R205,8,언폴더 게이트 로직 (2차측),R_0,10KF,RESC1608,SMT,TOP,L,군집: p8 로직 소형 SMD,175.0,42.0,,VDD_3V3
R206,8,언폴더 게이트 로직 (2차측),R_0,5.1KF,RESC1608,SMT,TOP,L,군집: p8 로직 소형 SMD,175.0,42.0,,VCC_12V0
R207,8,언폴더 게이트 로직 (2차측),R_0,51F,RESC1608,SMT,TOP,L,군집: p8 로직 소형 SMD,175.0,42.0,,
R208,8,언폴더 게이트 로직 (2차측),R_0,0F,RESC1608,SMT,TOP,L,군집: p8 로직 소형 SMD,175.0,42.0,,IO2
R209,8,언폴더 게이트 로직 (2차측),R_0,300F,RESC1608,SMT,TOP,L,군집: p8 로직 소형 SMD,175.0,42.0,,
R210,8,언폴더 게이트 로직 (2차측),R_0,5.1KF,RESC1608,SMT,TOP,L,군집: p8 로직 소형 SMD,175.0,42.0,,
R211,8,언폴더 게이트 로직 (2차측),R_0,80m,RESC6432,SMT,BOTTOM,M,개별 배치,206,138,0,PGND
R212,8,언폴더 게이트 로직 (2차측),R_0,80m,RESC6432,SMT,BOTTOM,M,개별 배치,206,144,0,PGND
R213,8,언폴더 게이트 로직 (2차측),R_0,51F,RESC1608,SMT,TOP,L,군집: p8 로직 소형 SMD,175.0,42.0,,
R214,8,언폴더 게이트 로직 (2차측),R_0,30KF,RESC1608,SMT,TOP,L,군집: p8 로직 소형 SMD,175.0,42.0,,PGND
R215,9,아날로그 컨디셔닝,R_0,10KF,RESC1608,SMT,TOP,L,군집: p9 아날로그 소형 SMD,99.0,54.25,,VDDA_3V3
R216,9,아날로그 컨디셔닝,R_0,10KF,RESC1608,SMT,TOP,L,군집: p9 아날로그 소형 SMD,99.0,54.25,,GND
R217,9,아날로그 컨디셔닝,R_0,10F,RESC1608,SMT,TOP,L,군집: p9 아날로그 소형 SMD,99.0,54.25,,VDDA_3V3
R218,9,아날로그 컨디셔닝,R_0,510F,RESC1608,SMT,TOP,L,군집: p9 아날로그 소형 SMD,99.0,54.25,,ADC3
R219,9,아날로그 컨디셔닝,R_0,20m,RESC6432,SMT,TOP,M,개별 배치,232,200,0,AC_N_IN
R220,9,아날로그 컨디셔닝,R_0,63KF,RESC1608,SMT,TOP,L,군집: p9 아날로그 소형 SMD,99.0,54.25,,
R221,9,아날로그 컨디셔닝,R_0,10F,RESC1608,SMT,TOP,L,군집: p9 아날로그 소형 SMD,99.0,54.25,,VDDA_3V3 VDDA_U10
R222,9,아날로그 컨디셔닝,R_0,10F,RESC1608,SMT,TOP,L,군집: p9 아날로그 소형 SMD,99.0,54.25,,VDDA_3V3
R223,9,아날로그 컨디셔닝,R_0,5.1KF,RESC1608,SMT,TOP,L,군집: p9 아날로그 소형 SMD,99.0,54.25,,IO3 VDDA_3V3
R224,9,아날로그 컨디셔닝,R_0,100KF,RESC1608,SMT,TOP,L,군집: p9 아날로그 소형 SMD,99.0,54.25,,IO3
R225,9,아날로그 컨디셔닝,R_0,510F,RESC1608,SMT,TOP,L,군집: p9 아날로그 소형 SMD,99.0,54.25,,ADC4
R226,9,아날로그 컨디셔닝,R_0,130KF,RESC1608,SMT,TOP,L,군집: p9 아날로그 소형 SMD,99.0,54.25,,
R227,9,아날로그 컨디셔닝,R_0,10KF,RESC1608,SMT,TOP,L,군집: p9 아날로그 소형 SMD,99.0,54.25,,
R228,9,아날로그 컨디셔닝,R_0,20m,RESC6432,SMT,TOP,M,개별 배치,232,206,0,AC_L_IN
R229,9,아날로그 컨디셔닝,R_0,510F,RESC1608,SMT,TOP,L,군집: p9 아날로그 소형 SMD,99.0,54.25,,ADC5
R230,9,아날로그 컨디셔닝,R_0,10KF,RESC1608,SMT,TOP,L,군집: p9 아날로그 소형 SMD,99.0,54.25,,ADC5
R231,9,아날로그 컨디셔닝,R_0,62KF,RESC1608,SMT,TOP,L,군집: p9 아날로그 소형 SMD,99.0,54.25,,
R232,10,ADC 입력 보호,R_0,10KB,RESC2012,SMT,TOP,L,군집: p10 ADC 보호 (ZD1-4 포함),129.0,36.0,,VREF_3V0
R233,10,ADC 입력 보호,R_0,10KB,RESC2012,SMT,TOP,L,군집: p10 ADC 보호 (ZD1-4 포함),129.0,36.0,,VREF_3V0
R234,10,ADC 입력 보호,R_0,1KF,RESC2012,SMT,TOP,L,군집: p10 ADC 보호 (ZD1-4 포함),129.0,36.0,,AIN1
R235,10,ADC 입력 보호,R_0,1KF,RESC2012,SMT,TOP,L,군집: p10 ADC 보호 (ZD1-4 포함),129.0,36.0,,AIN2
R236,10,ADC 입력 보호,R_0,10KF,RT0603,SMT,TOP,L,군집: p10 ADC 보호 (ZD1-4 포함),129.0,36.0,,GND
R237,10,ADC 입력 보호,R_0,NC,RESC2012,SMT,TOP,L,군집: p10 ADC 보호 (ZD1-4 포함),129.0,36.0,,AIN1 GND
R238,10,ADC 입력 보호,R_0,10KF,RT0603,SMT,TOP,L,군집: p10 ADC 보호 (ZD1-4 포함),129.0,36.0,,GND
R239,10,ADC 입력 보호,R_0,NC,RESC2012,SMT,TOP,L,군집: p10 ADC 보호 (ZD1-4 포함),129.0,36.0,,AIN2 GND
R240,10,ADC 입력 보호,R_0,16.5KB,RESC2012,SMT,TOP,L,군집: p10 ADC 보호 (ZD1-4 포함),129.0,36.0,,VREF_3V0
R241,10,ADC 입력 보호,R_0,16.5KB,RESC2012,SMT,TOP,L,군집: p10 ADC 보호 (ZD1-4 포함),129.0,36.0,,VREF_3V0
R242,10,ADC 입력 보호,R_0,1KF,RESC2012,SMT,TOP,L,군집: p10 ADC 보호 (ZD1-4 포함),129.0,36.0,,AIN3
R243,10,ADC 입력 보호,R_0,1KF,RESC2012,SMT,TOP,L,군집: p10 ADC 보호 (ZD1-4 포함),129.0,36.0,,AIN4
R244,10,ADC 입력 보호,R_0,10KF,RT0603,SMT,TOP,L,군집: p10 ADC 보호 (ZD1-4 포함),129.0,36.0,,GND
R245,10,ADC 입력 보호,R_0,NC,RESC2012,SMT,TOP,L,군집: p10 ADC 보호 (ZD1-4 포함),129.0,36.0,,AIN3 GND
R246,10,ADC 입력 보호,R_0,10KF,RT0603,SMT,TOP,L,군집: p10 ADC 보호 (ZD1-4 포함),129.0,36.0,,GND
R247,10,ADC 입력 보호,R_0,NC,RESC2012,SMT,TOP,L,군집: p10 ADC 보호 (ZD1-4 포함),129.0,36.0,,AIN4 GND
R248,8,언폴더 게이트 로직 (2차측),R_0,10F,RESC1608,SMT,TOP,L,군집: p8 로직 소형 SMD,175.0,42.0,,VDD_3V3 VDD_U5
R249,5,MCU (STM32G474),R_0,0F,RESC1608,SMT,TOP,L,군집: p5 MCU 주변 소형 SMD,99.0,47.5,,ADC_V_PB1
R250,5,MCU (STM32G474),R_0,0F,RESC1608,SMT,TOP,L,군집: p5 MCU 주변 소형 SMD,99.0,47.5,,ADC_I_PA
R251,5,MCU (STM32G474),R_0,0F,RESC1608,SMT,TOP,L,군집: p5 MCU 주변 소형 SMD,99.0,47.5,,ADC_I_PB
R252,5,MCU (STM32G474),R_0,0F,RESC1608,SMT,TOP,L,군집: p5 MCU 주변 소형 SMD,99.0,47.5,,ADC_V_PA
R253,5,MCU (STM32G474),R_0,0F,RESC1608,SMT,TOP,L,군집: p5 MCU 주변 소형 SMD,99.0,47.5,,ADC_V_PA1
R254,5,MCU (STM32G474),R_0,0F,RESC1608,SMT,TOP,L,군집: p5 MCU 주변 소형 SMD,99.0,47.5,,ADC_V_PB
R255,5,MCU (STM32G474),R_0,0F,RESC1608,SMT,TOP,L,군집: p5 MCU 주변 소형 SMD,99.0,47.5,,PWM_B2
R256,5,MCU (STM32G474),R_0,0F,RESC1608,SMT,TOP,L,군집: p5 MCU 주변 소형 SMD,99.0,47.5,,PWM_B1
R257,5,MCU (STM32G474),R_0,0F,RESC1608,SMT,TOP,L,군집: p5 MCU 주변 소형 SMD,99.0,47.5,,PWM_A2
R258,5,MCU (STM32G474),R_0,0F,RESC1608,SMT,TOP,L,군집: p5 MCU 주변 소형 SMD,99.0,47.5,,PWM_A1
R259,5,MCU (STM32G474),R_0,0F,RESC1608,SMT,TOP,L,군집: p5 MCU 주변 소형 SMD,99.0,47.5,,GATE_AC_N
R260,5,MCU (STM32G474),R_0,0F,RESC1608,SMT,TOP,L,군집: p5 MCU 주변 소형 SMD,99.0,47.5,,GATE_AC_L
R261,5,MCU (STM32G474),R_0,0F,RESC1608,SMT,TOP,L,군집: p5 MCU 주변 소형 SMD,99.0,47.5,,ADC_V_PA2
R262,5,MCU (STM32G474),R_0,0F,RESC1608,SMT,TOP,L,군집: p5 MCU 주변 소형 SMD,99.0,47.5,,AIN1
R263,5,MCU (STM32G474),R_0,0F,RESC1608,SMT,TOP,L,군집: p5 MCU 주변 소형 SMD,99.0,47.5,,AIN2
R264,5,MCU (STM32G474),R_0,0F,RESC1608,SMT,TOP,L,군집: p5 MCU 주변 소형 SMD,99.0,47.5,,AIN3
R265,5,MCU (STM32G474),R_0,0F,RESC1608,SMT,TOP,L,군집: p5 MCU 주변 소형 SMD,99.0,47.5,,AIN4
R266,5,MCU (STM32G474),R_0,0F,RESC1608,SMT,TOP,L,군집: p5 MCU 주변 소형 SMD,99.0,47.5,,ADC_I_GRID_LK
R267,5,MCU (STM32G474),R_0,0F,RESC1608,SMT,TOP,L,군집: p5 MCU 주변 소형 SMD,99.0,47.5,,ADC_V_GRID_N
R268,5,MCU (STM32G474),R_0,0F,RESC1608,SMT,TOP,L,군집: p5 MCU 주변 소형 SMD,99.0,47.5,,ADC_V_GRID_L
R269,5,MCU (STM32G474),R_0,0F,RESC1608,SMT,TOP,L,군집: p5 MCU 주변 소형 SMD,99.0,47.5,,ADC_V_PB2
R270,5,MCU (STM32G474),R_0,0F,RESC1608,SMT,TOP,L,군집: p5 MCU 주변 소형 SMD,99.0,47.5,,ADC_I_GRID_P
R271,5,MCU (STM32G474),R_0,0F,RESC1608,SMT,TOP,L,군집: p5 MCU 주변 소형 SMD,99.0,47.5,,ADC_I_GRID_N
R272,5,MCU (STM32G474),R_0,0F,RESC1608,SMT,TOP,L,군집: p5 MCU 주변 소형 SMD,99.0,47.5,,RELAY_GRID
R273,5,MCU (STM32G474),R_0,0F,RESC1608,SMT,TOP,L,군집: p5 MCU 주변 소형 SMD,99.0,47.5,,UART2_RXD_C
R274,5,MCU (STM32G474),R_0,0F,RESC1608,SMT,TOP,L,군집: p5 MCU 주변 소형 SMD,99.0,47.5,,UART2_TXD_C
R275,5,MCU (STM32G474),R_0,0F,RESC1608,SMT,TOP,L,군집: p5 MCU 주변 소형 SMD,99.0,47.5,,UART0_RXD
R276,5,MCU (STM32G474),R_0,0F,RESC1608,SMT,TOP,L,군집: p5 MCU 주변 소형 SMD,99.0,47.5,,UART0_TXD
R277,5,MCU (STM32G474),R_0,0F,RESC1608,SMT,TOP,L,군집: p5 MCU 주변 소형 SMD,99.0,47.5,,VREF_3V0
R278,5,MCU (STM32G474),R_0,0F,RESC1608,SMT,TOP,L,군집: p5 MCU 주변 소형 SMD,99.0,47.5,,IO1
R279,5,MCU (STM32G474),R_0,0F,RESC1608,SMT,TOP,L,군집: p5 MCU 주변 소형 SMD,99.0,47.5,,IO2
R280,5,MCU (STM32G474),R_0,0F,RESC1608,SMT,TOP,L,군집: p5 MCU 주변 소형 SMD,99.0,47.5,,IO3
R281,5,MCU (STM32G474),R_0,0F,RESC1608,SMT,TOP,L,군집: p5 MCU 주변 소형 SMD,99.0,47.5,,ADC1
R282,5,MCU (STM32G474),R_0,0F,RESC1608,SMT,TOP,L,군집: p5 MCU 주변 소형 SMD,99.0,47.5,,ADC3
R283,5,MCU (STM32G474),R_0,0F,RESC1608,SMT,TOP,L,군집: p5 MCU 주변 소형 SMD,99.0,47.5,,ADC4
R284,5,MCU (STM32G474),R_0,0F,RESC1608,SMT,TOP,L,군집: p5 MCU 주변 소형 SMD,99.0,47.5,,ADC5
R285,5,MCU (STM32G474),R_0,0F,RESC1608,SMT,TOP,L,군집: p5 MCU 주변 소형 SMD,99.0,47.5,,ADC5
R286,9,아날로그 컨디셔닝,R_0,0F,RESC1608,SMT,TOP,L,군집: p9 아날로그 소형 SMD,99.0,54.25,,NC
RV1,3,GRID (언폴더·AC 필터·릴레이·보호),VARISTOR,MOV14D471K,MOV14D471K,THT,TOP,M,개별 배치,200,98,0,AC_N
RV2,3,GRID (언폴더·AC 필터·릴레이·보호),VARISTOR,NC,MOV14D431K,THT,TOP,M,개별 배치,226,189,0,
RV3,3,GRID (언폴더·AC 필터·릴레이·보호),VARISTOR,MOV14D431K,MOV14D431K,THT,TOP,M,개별 배치,226,168,0,
RV4,3,GRID (언폴더·AC 필터·릴레이·보호),VARISTOR,MOV14D621K,MOV14D621K,THT,TOP,M,개별 배치,226,175,0,
RV5,3,GRID (언폴더·AC 필터·릴레이·보호),VARISTOR,MOV14D621K,MOV14D621K,THT,TOP,M,개별 배치,226,182,0,GND_EARTH
T1,1,PV_A DC-DC (플라이백 A),TRANSFORMER FLAT COMPACT_6,PA1005.100NLT,XFMR185P838X721X550-8,SMT,TOP,M,개별 배치,114,82,0,NC PV_A+
T2,1,PV_A DC-DC (플라이백 A),TRANSFORMER FLAT COMPACT_3,CUSTOM,XFMR185P838X721X550-8,THT,TOP,H,개별 배치,134,86,0,PGND
T3,1,PV_A DC-DC (플라이백 A),TRANSFORMER FLAT COMPACT_7,PA1005.100NLT,XFMR185P838X721X550-8,SMT,TOP,M,개별 배치,114,114,0,NC PV_A+
T4,1,PV_A DC-DC (플라이백 A),TRANSFORMER FLAT COMPACT_3,CUSTOM,XFMR185P838X721X550-8,THT,TOP,H,개별 배치,134,120,0,PGND
T5,2,PV_B DC-DC (플라이백 B),TRANSFORMER FLAT COMPACT_6,PA1005.100NLT,XFMR185P838X721X550-8,SMT,TOP,M,개별 배치,114,172,0,NC PV_B+
T6,2,PV_B DC-DC (플라이백 B),TRANSFORMER FLAT COMPACT_3,CUSTOM,XFMR185P838X721X550-8,THT,TOP,H,개별 배치,134,176,0,PGND
T7,2,PV_B DC-DC (플라이백 B),TRANSFORMER FLAT COMPACT_7,PA1005.100NLT,XFMR185P838X721X550-8,SMT,TOP,M,개별 배치,114,204,0,NC PV_A+
T8,2,PV_B DC-DC (플라이백 B),TRANSFORMER FLAT COMPACT_3,CUSTOM,XFMR185P838X721X550-8,THT,TOP,H,개별 배치,134,210,0,PGND
T9,4,AUX 전원 (LM5156 플라이백),TRANSFORMER FLAT COMPACT_9,CUSTOM,XFMR185P838X721X550-8,THT,TOP,M,개별 배치,140,149,0,GND PGND
TH1,3,GRID (언폴더·AC 필터·릴레이·보호),VARISTOR_0,P2600SDLRP,DOA-214AA,SMT,TOP,M,개별 배치,188,98,0,AC_L
TSW1,6,ESP32·TPM·USB·CAN,SW DIP-2/SM_3,TL3301EF100QG,SMD-4P_6x6,SMT,TOP,L,개별 배치,94,16,0,EX_SW_C GND
U1,3,GRID (언폴더·AC 필터·릴레이·보호),SN74HC14,SN74HC14,SOP65P640X120-14N,SMT,TOP,L,개별 배치,176,126,0,GATE_AC_L GATE_AC_N GND VDDA_U1
U2,7,센싱 (INA240·AMC3301/3302·OPA),OPA2387,OPA2387,SOIC-8,SMT,TOP,L,개별 배치,66,60,0,GND VDDA_U2
U3,7,센싱 (INA240·AMC3301/3302·OPA),TLV9062,TLV9062,SOIC127P600X173-8N,SMT,TOP,L,개별 배치,78,60,0,GND VDDA_U3
U4,8,언폴더 게이트 로직 (2차측),TLV9062,TLV9062,SOIC127P600X173-8N,SMT,TOP,L,군집: p8 로직 소형 SMD,175.0,42.0,,GND VDDA_U4
U5,8,언폴더 게이트 로직 (2차측),SN74HC14,SN74HC14PWR,SOP65P640X120-14N,SMT,TOP,L,개별 배치,156,48,0,GND VDD_U5
U6,8,언폴더 게이트 로직 (2차측),HEF40106B,HEF40106B,SOIC127P600X175-14N,SMT,TOP,L,개별 배치,170,48,0,PGND VCC_12V0
U7,8,언폴더 게이트 로직 (2차측),BC847,BC847,SOT65P210X110-6N,SMT,TOP,L,개별 배치,182,46,0,PGND
U8,8,언폴더 게이트 로직 (2차측),BC847,BC847,SOT65P210X110-6N,SMT,TOP,L,개별 배치,188,46,0,PGND
U9,8,언폴더 게이트 로직 (2차측),BC847,BC847,SOT65P210X110-6N,SMT,TOP,L,개별 배치,194,46,0,PGND
U10,9,아날로그 컨디셔닝,TLV9062,TLV9062,SOIC127P600X173-8N,SMT,TOP,L,개별 배치,90,60,0,GND VDDA_U10
U11,9,아날로그 컨디셔닝,TLV9062,TLV9062,SOIC127P600X173-8N,SMT,TOP,L,개별 배치,102,60,0,GND
U12,9,아날로그 컨디셔닝,TLV7041,TLV7041,DQN-4,SMT,TOP,L,개별 배치,112,60,0,GND IO3
U13,1,PV_A DC-DC (플라이백 A),1ED3491MC12M_10,2EDN7524RXTMA1,SOP65P490X104-9N,SMT,BOTTOM,M,개별 배치,100,99,0,I_PV_A+
U14,2,PV_B DC-DC (플라이백 B),1ED3491MC12M_11,2EDN7524RXTMA1,SOP65P490X104-9N,SMT,BOTTOM,M,개별 배치,100,189,0,I_PV_B+
U15,4,AUX 전원 (LM5156 플라이백),LM5156H,LM5156H,SOP65P640X120-15N,SMT,TOP,M,개별 배치,94,149,0,GND NC
U16,5,MCU (STM32G474),STM32G474,STM32G474QET6,LQFP-128,SMT,TOP,L,개별 배치,112,30,0,/BOOT_C /RESET_C CAN_NEN CAN_RX CAN_TX GND NC OSC_IN OSC_OUT SWCLK_C SWDIO_C SWO
U17,6,ESP32·TPM·USB·CAN,ESP32-S3-WROOM-1_8,ESP32-S3-WROOM-1-N16R8,ESP32-S3,SMT,TOP,L,개별 배치,79,18.5,0,EX_SW_C GND NC UART0_RXD UART0_TXD UART1_RXD_C UART1_TXD_C USB_D+ USB_D- VCC_3V3
U18,6,ESP32·TPM·USB·CAN,USB616FC-C2014216_5,USB-C_16PIN,USB-C_16PIN,SMT(+THT 고정핀),TOP,L,개별 배치,100,6,0,GND MH NC VCC_5V0
U19,6,ESP32·TPM·USB·CAN,ZSR800/SOT_11,SLB9670 TPM2.0,QFN50P500X500X85-33N,SMT,TOP,L,개별 배치,94,32,0,CS GND MISO MOSI NC PIRQ RST SCLK VDD_3V3
U20,6,ESP32·TPM·USB·CAN,ZSR800/SOT_7,TLE9251VSJ,DSO-8,SMT,TOP,L,개별 배치,112,12,0,CAN_NEN GND VCC_5V0
U21,7,센싱 (INA240·AMC3301/3302·OPA),INA240,INA240A2PWR,TSSOP-8,SMT,TOP,L,개별 배치,66,76,0,GND I_PV_A+ I_PV_A- NC
U22,7,센싱 (INA240·AMC3301/3302·OPA),INA240,INA240A2PWR,TSSOP-8,SMT,TOP,L,개별 배치,66,176,0,GND I_PV_B+ I_PV_B- NC
U23,7,센싱 (INA240·AMC3301/3302·OPA),AMC3301,AMC3301QDWERQ1,SOIC-16,SMT,TOP,L,개별 배치,140,229,0,GND NC V_GRID_L V_GRID_N
U24,7,센싱 (INA240·AMC3301/3302·OPA),AMC3301,AMC3302DWR,SOIC-16,SMT,TOP,L,개별 배치,140,241,0,GND I_GRID_N I_GRID_P NC
U25,8,언폴더 게이트 로직 (2차측),BAV70,BAV70,SOT95P240X100-3N,SMT,TOP,L,개별 배치,178,56,0,
U26,8,언폴더 게이트 로직 (2차측),BAV70,BAV70,SOT95P240X100-3N,SMT,TOP,L,개별 배치,178,62,0,
U27,5,MCU (STM32G474),REF3030A,REF3030A,SOT95P264X112-3N,SMT,TOP,L,개별 배치,125,26,0,GND VDD_3V3
Y1,5,MCU (STM32G474),CRYSTAL_13,NX5032GA-24Mhz-LN-CD-1,XTALCC5032X130N,SMT,TOP,L,개별 배치,99,40,0,
ZD1,10,ADC 입력 보호,BAT54/SOT_3,"PTVS3V3S1UR,115",SOD-123W,SMT,TOP,L,군집: p10 ADC 보호 (ZD1-4 포함),129.0,36.0,,AIN1 GND
ZD2,10,ADC 입력 보호,BAT54/SOT_3,"PTVS3V3S1UR,115",SOD-123W,SMT,TOP,L,군집: p10 ADC 보호 (ZD1-4 포함),129.0,36.0,,AIN2 GND
ZD3,10,ADC 입력 보호,BAT54/SOT_3,"PTVS3V3S1UR,115",SOD-123W,SMT,TOP,L,군집: p10 ADC 보호 (ZD1-4 포함),129.0,36.0,,AIN3 GND
ZD4,10,ADC 입력 보호,BAT54/SOT_3,"PTVS3V3S1UR,115",SOD-123W,SMT,TOP,L,군집: p10 ADC 보호 (ZD1-4 포함),129.0,36.0,,AIN4 GND
